office_name,office_category,zone_name,address,city,state,postal_code,latitude,longitude,confidence,score,provider,query_type,query,verification_notes
"EPFO Head Office, New Delhi",HEAD OFFICE,Head Office,"Employees Provident Fund Organization, (Ministry of Labour & Employment), Plate A Ground Floor, Office Block-II, East Kidwai Nagar, New Delhi - 110023",New Delhi,,110023,28.575228,77.19561,low,0.471,nominatim,postal_code,"110023, India",string_similarity=0.23; token_overlap=0.17; city_match; postal_match; within_india_bounds
"Office of the Addl. Central Provident Fund Commissioner, DELHI, UTTARAKHAND, JAMMU & KASHMIR AND LADAKH","DELHI, UTTARAKHAND, JAMMU & KASHMIR AND LADAKH","Delhi, UK, JK, Ladakh","Office of the Addl. Central Provident Fund Commissioner(Delhi & Uttarakhand), Bhavishya Nidhi Bhawan,, 8 th Floor, 28, Community Centre, Wazirpur Industrial Area,, New Delhi - 110052",New Delhi,Uttarakhand,110052,29.228783,79.530414,low,0.457,nominatim,city_state,"New Delhi, Uttarakhand, India",string_similarity=0.21; token_overlap=0.14; city_match; state_match; postal_missing; within_india_bounds
"Regional Office, DELHI [NORTH]",DELHI [NORTH],"Delhi, UK, JK, Ladakh","Bhavishya Nidhi Bhawan,, 28, Community Centre,, Wazirpur Industrial Area,, Delhi - 110052",Delhi,,110052,28.683154,77.175808,low,0.47,nominatim,postal_code,"110052, India",string_similarity=0.21; token_overlap=0.18; city_match; postal_match; within_india_bounds
"Regional Office, DELHI [CENTRAL]",DELHI [CENTRAL],"Delhi, UK, JK, Ladakh","Bhavishya Nidhi Bhawan,, 28, Community Centre,, Wazirpur Industrial Area,, Delhi - 110052",Delhi,,110052,28.683154,77.175808,low,0.47,nominatim,postal_code,"110052, India",string_similarity=0.21; token_overlap=0.18; city_match; postal_match; within_india_bounds
"Regional Office, DELHI [WEST]",DELHI [WEST],"Delhi, UK, JK, Ladakh","EPFO Complex, Plot No. 23,, Sector-23, Dwarka,, New Delhi - 110077",New Delhi,,110077,28.573553,77.066296,low,0.527,nominatim,postal_code,"110077, India",string_similarity=0.27; token_overlap=0.33; city_match; postal_match; within_india_bounds
"Regional Office, DELHI [SOUTH]",DELHI [SOUTH],"Delhi, UK, JK, Ladakh","EPFO Complex, Plot No. 23,, Sector-23, Dwarka,, New Delhi - 110077",New Delhi,,110077,28.573553,77.066296,low,0.527,nominatim,postal_code,"110077, India",string_similarity=0.27; token_overlap=0.33; city_match; postal_match; within_india_bounds
"Regional Office, DELHI [EAST]",DELHI [EAST],"Delhi, UK, JK, Ladakh","DSIIDC Facility Centre Building,Flatted Factory Complex,, 2nd & 3rd Floor, Jhilmil Industrial Area,(Behind Dilshad Garden Metro Station), Delhi - 110095",Delhi,,110095,28.678153,77.312741,low,0.444,nominatim,postal_code,"110095, India",string_similarity=0.20; token_overlap=0.10; city_match; postal_match; within_india_bounds
"Regional Office, DEHRADUN",DEHRADUN,"Delhi, UK, JK, Ladakh","Bhavishyanidhi Bhawan,Vyomprasth, Kanwali GMS Road, Dehradun - 248001",Dehradun,,248001,30.325565,78.043681,low,0.519,nominatim,city_only,"Dehradun, India",string_similarity=0.30; token_overlap=0.25; city_match; postal_match; within_india_bounds
"Regional Office, HALDWANI",HALDWANI,"Delhi, UK, JK, Ladakh","IInd Floor, Khurana Complex, Opposite Judges Court,, Nainital Road, (Nainital)., Haldwani - 263139",Haldwani,,263139,29.20958,79.52996,low,0.545,nominatim,postal_code,"263139, India",string_similarity=0.36; token_overlap=0.27; city_match; postal_match; within_india_bounds
"Regional Office, JAMMU",JAMMU,"Delhi, UK, JK, Ladakh","Office of the Regional Provident Fund Commissioner, Jammu, Bhavishya Nidhi Bhawan, Rail Road - 180012",Rail Road,,180012,9.013782,76.534659,very_low,0.323,nominatim,city_only,"Rail Road, India",string_similarity=0.16; token_overlap=0.15; city_match; postal_missing; within_india_bounds
"Regional Office, LEH (LADAKH)",LEH (LADAKH),"Delhi, UK, JK, Ladakh","EPFO FACILITATION CENTRE, LEH (Ladakh), ALC Complex, Skampari,, Leh - 194101",Leh,Ladakh,194101,34.186977,77.517864,medium,0.69,maps_co,postal_code,"194101, India",string_similarity=0.39; token_overlap=0.33; city_match; state_match; postal_match; within_india_bounds
"Regional Office, KASHMIR (SRINAGAR)",KASHMIR (SRINAGAR),"Delhi, UK, JK, Ladakh","EPFO REGIONAL OFFICE KASHMIR, 1st & 2nd Floor of Labour Commissioner’s Building, Behind General Bus stand, Batamallo - 190009","Behind General Bus Stand, Batamallo",,190009,34.071808,74.797526,very_low,0.315,nominatim,postal_code,"190009, India",string_similarity=0.24; token_overlap=0.12; city_mismatch; postal_match; within_india_bounds
"Office of the Addl. Central Provident Fund Commissioner, PUNJAB & HIMACHAL PRADESH",PUNJAB & HIMACHAL PRADESH,Punjab & Himachal Pradesh,"Office of the Addl. Central Provident Fund Commissioner, (Punjab & Himachal Pradesh),, S.C.O. 4-7, Sector 17-D,, Chandigarh. -",Chandigarh. -,,,30.733442,76.779714,very_low,0.15,nominatim,city_only,"Chandigarh. -, India",string_similarity=0.15; token_overlap=0.07; city_mismatch; postal_unavailable; within_india_bounds
"Regional Office, AMRITSAR",AMRITSAR,Punjab & Himachal Pradesh,"Bhavishaya Nidhi Bhawan, 9, Basant Avenue,, Old Jail Road,, Amritsar - 143 001",Amritsar - 143 001,,,31.635666,74.87875,very_low,0.217,nominatim,city_only,"Amritsar - 143 001, India",string_similarity=0.33; token_overlap=0.08; city_mismatch; postal_unavailable; within_india_bounds
"District Office, D.O - BATALA",D.O - BATALA,Punjab & Himachal Pradesh,"Sunder Vatika Complex, Opp. Sita Mata Mandir,, Smadh Road,, Batala, Distt. Gurdaspur - 143505","Batala, Distt. Gurdaspur",,143505,31.818202,75.211579,very_low,0.363,nominatim,postal_code,"143505, India",string_similarity=0.30; token_overlap=0.23; city_mismatch; postal_match; within_india_bounds
"Regional Office, BHATINDA",BHATINDA,Punjab & Himachal Pradesh,"Bhavishaya Nidhi Bhawan,Urban Estate Phase-I,, Near TV Tower,, Bhatinda - 151 001",Bhatinda - 151 001,,,30.206791,74.94637,very_low,0.191,nominatim,city_only,"Bhatinda - 151 001, India",string_similarity=0.32; token_overlap=0.00; city_mismatch; postal_unavailable; within_india_bounds
"District Office, D.O - MOGA",D.O - MOGA,Punjab & Himachal Pradesh,"EPFO, Plot No. 19,, Lal Bahadur Shastri Complex,G.T. Road,, Moga (Punjab) - 142001",Moga (Punjab),,142001,30.817557,75.176433,very_low,0.354,nominatim,postal_code,"142001, India",string_similarity=0.25; token_overlap=0.27; city_mismatch; postal_match; within_india_bounds
"District Office, D.O - SANGRUR",D.O - SANGRUR,Punjab & Himachal Pradesh,"EPFO, 13 ,, Kaula park,, Sangrur (Punjab) - 148001",Sangrur (Punjab),,148001,30.244859,75.843709,low,0.474,nominatim,city_only,"Sangrur (Punjab), India",string_similarity=0.48; token_overlap=0.43; city_mismatch; postal_match; within_india_bounds
"Regional Office, CHANDIGARH",CHANDIGARH,Punjab & Himachal Pradesh,"S.C.O. 4-7,, Sector 17-D,, Chandigarh. - 160017",Chandigarh.,Chandigarh,160017,30.743665,76.782256,very_low,0.387,photon,full_address,"S.C.O. 4-7,, Sector 17-D,, Chandigarh. - 160017",string_similarity=0.41; token_overlap=0.17; city_mismatch; state_match; postal_missing; within_india_bounds
"District Office, D.O - MANDI GOBINDGARH",D.O - MANDI GOBINDGARH,Punjab & Himachal Pradesh,"Complex No. 326, Sector-21C,, Amloh Road, Mandi Gobindgarh - 147301",Mandi Gobindgarh,,147301,30.669338,76.297468,medium,0.639,nominatim,city_only,"Mandi Gobindgarh, India",string_similarity=0.43; token_overlap=0.56; city_match; postal_match; within_india_bounds
"District Office, D.O - PATIALA",D.O - PATIALA,Punjab & Himachal Pradesh,"B-155,, Azad Nagar,, Patiala, Punjab - 147004","Patiala, Punjab",,147004,30.364454,76.379023,medium,0.657,nominatim,postal_code,"147004, India",string_similarity=0.52; token_overlap=0.50; city_match; postal_match; within_india_bounds
"Regional Office, JALANDHAR",JALANDHAR,Punjab & Himachal Pradesh,"EPFO,Regional Office,, Master Tara Singh Nagar, Ladowali Road,, Jalandhar, - 144001",Jalandhar,,144001,31.318061,75.577867,low,0.525,nominatim,postal_code,"144001, India",string_similarity=0.37; token_overlap=0.18; city_match; postal_match; within_india_bounds
"District Office, D.O - HOSHIARPUR",D.O - HOSHIARPUR,Punjab & Himachal Pradesh,"District Office,Phagwara Road,, Opposite Govt. College Girls Hostel,Khera Complex,Central Town,, Hoshiarpur - 146001",Hoshiarpur,,146001,31.528781,75.904987,low,0.442,nominatim,postal_code,"146001, India",string_similarity=0.17; token_overlap=0.13; city_match; postal_match; within_india_bounds
"District Office, D.O - PHAGWARA",D.O - PHAGWARA,Punjab & Himachal Pradesh,"EPFO, District Office, BSNL building, Model Town,, G.T.Road, Phagwara., Phagwara - 144401",Phagwara,,144401,31.221133,75.786044,low,0.46,nominatim,postal_code,"144401, India",string_similarity=0.17; token_overlap=0.20; city_match; postal_match; within_india_bounds
"Regional Office, LUDHIANA",LUDHIANA,Punjab & Himachal Pradesh,"Bhavishaya Nidhi Bhawan, Regional Office,, Sham Nagar,Near General Bus Stand, (Punjab), Ludhiana - 141001",Ludhiana,,141001,30.909016,75.851601,low,0.502,nominatim,city_only,"Ludhiana, India",string_similarity=0.28; token_overlap=0.21; city_match; postal_match; within_india_bounds
"Regional Office, SHIMLA",SHIMLA,Punjab & Himachal Pradesh,"Bhavishyanidhi Bhawan, Block No. 34, 1st & 2nd Floor,, SDA Complex,, Kasumpati,(HP), Shimla - 171 009",Shimla - 171 009,,,31.101777,77.15101,very_low,0.195,nominatim,city_only,"Shimla - 171 009, India",string_similarity=0.27; token_overlap=0.08; city_mismatch; postal_unavailable; within_india_bounds
"District Office, D.O - PALAMPUR",D.O - PALAMPUR,Punjab & Himachal Pradesh,"Annant Vihar,, Near Atulay Resturant,, Palampur, Distt. Kangra ( HP ) - 176061","Palampur, Distt. Kangra ( Hp )",,176061,32.115901,76.537985,low,0.405,nominatim,postal_code,"176061, India",string_similarity=0.35; token_overlap=0.33; city_mismatch; postal_match; within_india_bounds
"District Office, D.O - KULLU",D.O - KULLU,Punjab & Himachal Pradesh,"River Touch Complex,, Village Pirdi, Post Office Mohal,, Distt. Kullu ( HP ) - 175126",Distt. Kullu ( Hp ),,175126,31.892549,77.141066,very_low,0.325,nominatim,postal_code,"175126, India",string_similarity=0.23; token_overlap=0.18; city_mismatch; postal_match; within_india_bounds
"District Office, D.O - BADDI",D.O - BADDI,Punjab & Himachal Pradesh,"District Office, Baddi, Plot No.- 6, DIC, Ground Floor, Telephone Exchange Building,, Baddi, Distt. Solan ( HP ) - 173205","Baddi, Distt. Solan ( Hp )",,173205,30.944659,76.807185,very_low,0.33,nominatim,postal_code,"173205, India",string_similarity=0.22; token_overlap=0.21; city_mismatch; postal_match; within_india_bounds
"District Office, D.O - NAHAN",D.O - NAHAN,Punjab & Himachal Pradesh,"House No. 170/6,, Opp. Mahima Library,Court Road,, Nahan, Distt. Sirmaur ( HP ) - 173001","Nahan, Distt. Sirmaur ( Hp )",,173001,30.551738,77.322552,very_low,0.382,nominatim,postal_code,"173001, India",string_similarity=0.34; token_overlap=0.25; city_mismatch; postal_match; within_india_bounds
"Office of the Addl. Central Provident Fund Commissioner, UTTAR PRADESH",UTTAR PRADESH,Uttar Pradesh & Bihar,"Office of the Addl. Central Provident Fund Commissioner, (Uttar Pradesh),, Nidhi Bhawan,Sarvodaya Nagar,, Kanpur - 208 005",Kanpur - 208 005,Uttar Pradesh,,26.460914,80.321759,very_low,0.369,nominatim,city_state,"Kanpur - 208 005, Uttar Pradesh, India",string_similarity=0.30; token_overlap=0.25; city_mismatch; state_match; postal_unavailable; within_india_bounds
"Regional Office, AGRA",AGRA,Uttar Pradesh & Bihar,"Bhavishyanidhi Bhawan, 55/2,, Sanjay Place, (UP), Agra - 282 002",Agra - 282 002,,,27.179826,78.020822,very_low,0.189,photon,city_only,"Agra - 282 002, India",string_similarity=0.23; token_overlap=0.11; city_mismatch; postal_unavailable; within_india_bounds
"District Office, D.O - ALIGARH",D.O - ALIGARH,Uttar Pradesh & Bihar,"EPFO, District Office,, Zilla Panchayat Parisar Collectorate Road,, ALIGARH - 202001",Aligarh,,202001,27.891825,78.081342,low,0.488,nominatim,postal_code,"202001, India",string_similarity=0.25; token_overlap=0.20; city_match; postal_match; within_india_bounds
"Regional Office, ALLAHABAD",ALLAHABAD,Uttar Pradesh & Bihar,"Employees' Provident Fund Organisation,United Tower,, 2nd & 3rd Floor,53, Leader Road,, Allahabad - 211003",Allahabad,,211003,25.4433194,81.8306228,high,1,google_maps,exact_place,"EPFO Regional Office, United Tower, Prayagraj",official_address_match; exact_place_match; within_india_bounds
"Regional Office, BAREILLY",BAREILLY,Uttar Pradesh & Bihar,"Regional Office, Bhavishya Nidhi Bhawan, 111, Civil Lines,, Bareilly, Uttar Pradesh - 243001","Bareilly, Uttar Pradesh",,243001,28.360142,79.422291,low,0.579,nominatim,postal_code,"243001, India",string_similarity=0.42; token_overlap=0.33; city_match; postal_match; within_india_bounds
"District Office, D.O - MORADABAD",D.O - MORADABAD,Uttar Pradesh & Bihar,"B1/441, Buddhi Vihar,, Behind Jawahar Motors,Delhi Road,, Moradabad, Uttar Pradesh, - 244001","Moradabad, Uttar Pradesh",,244001,28.849051,78.763388,medium,0.599,nominatim,postal_code,"244001, India",string_similarity=0.47; token_overlap=0.33; city_match; postal_match; within_india_bounds
"Regional Office, GORAKHPUR",GORAKHPUR,Uttar Pradesh & Bihar,"EPFO, Bhavishya Nidhi Bhavan,, Civil Lines, Labour Camp, Infornt of Carmel school,, Gorakhpur, Uttar Pradesh - 273009","Gorakhpur, Uttar Pradesh",,273009,26.758534,83.378795,low,0.538,nominatim,postal_code,"273009, India",string_similarity=0.35; token_overlap=0.27; city_match; postal_match; within_india_bounds
"Regional Office, KANPUR",KANPUR,Uttar Pradesh & Bihar,"Nidhi Bhawan,, Sarvodaya Nagar,, Kanpur - 208 005",Kanpur - 208 005,,,26.463707,80.246719,very_low,0.294,nominatim,city_only,"Kanpur - 208 005, India",string_similarity=0.41; token_overlap=0.29; city_mismatch; postal_unavailable; within_india_bounds
"Regional Office, LUCKNOW",LUCKNOW,Uttar Pradesh & Bihar,"BhavishyaNidhi Bhawan, Vibhuti Khand,, Gomti Nagar, (U.P), Lucknow - 226 010.",Lucknow - 226 010.,,,26.8381,80.9346,very_low,0.188,nominatim,city_only,"Lucknow - 226 010., India",string_similarity=0.23; token_overlap=0.11; city_mismatch; postal_unavailable; within_india_bounds
"Regional Office, GREATER NOIDA",GREATER NOIDA,Uttar Pradesh & Bihar,"Regional Office, GREATER NOIDA, A-2C, Sector 24, Noida - 201301",Noida,,201301,28.546392,77.387619,low,0.532,nominatim,postal_code,"201301, India",string_similarity=0.32; token_overlap=0.29; city_match; postal_match; within_india_bounds
"Regional Office, MEERUT",MEERUT,Uttar Pradesh & Bihar,"Nidhi Bhawan, Opp. Medical College,, Jagriti Vihar, Sector-5,, Meerut - 250006",Meerut,,250006,28.963497,77.741814,very_low,0.368,photon,postal_code,"250006, India",string_similarity=0.33; token_overlap=0.09; city_match; postal_missing; within_india_bounds
"District Office, D.O - SAHARANPUR",D.O - SAHARANPUR,Uttar Pradesh & Bihar,"Plot No. SBC-5,, State Bank Colony, In Front of Vikas Bhawan,, Saharanpur - 247001",Saharanpur,,247001,29.950482,77.542695,low,0.476,nominatim,postal_code,"247001, India",string_similarity=0.23; token_overlap=0.18; city_match; postal_match; within_india_bounds
"District Office, D.O - MUZAFFARNAGAR",D.O - MUZAFFARNAGAR,Uttar Pradesh & Bihar,"23-B, First Floor,, New Mandi,, Muzaffarnagar - 251001",Muzaffarnagar,,251001,29.47402,77.6966,low,0.551,nominatim,postal_code,"251001, India",string_similarity=0.37; token_overlap=0.29; city_match; postal_match; within_india_bounds
"Regional Office, NOIDA",NOIDA,Uttar Pradesh & Bihar,"A-2C,, Sector 24,, Noida - 201301",Noida,,201301,28.546392,77.387619,low,0.548,nominatim,postal_code,"201301, India",string_similarity=0.21; token_overlap=0.50; city_match; postal_match; within_india_bounds
"Regional Office, VARANASI",VARANASI,Uttar Pradesh & Bihar,"Bhavishya Nidhi Bhawan,Ashok Vihar, Phase-I,, Panch Kosi Road, Paharia,, Varanasi - 221 007",Varanasi - 221 007,,,25.335649,83.007629,very_low,0.219,nominatim,city_only,"Varanasi - 221 007, India",string_similarity=0.34; token_overlap=0.08; city_mismatch; postal_unavailable; within_india_bounds
"Office of the Addl. Central Provident Fund Commissioner, KARNATAKA (OTHER THAN BENGALURU) & GOA (HUBLI)",KARNATAKA (OTHER THAN BENGALURU) & GOA (HUBLI),Karnataka & Goa,"Office of the Addl. Central Provident Fund Commissioner, Karnataka (Other than Bengaluru) & Goa), Bhavishya Nidhi Bhavan,, New Block No. 10, Navnagar, Hubli - 580025",Hubli,Karnataka,580025,15.351838,75.137985,low,0.451,nominatim,city_state,"Hubli, Karnataka, India",string_similarity=0.22; token_overlap=0.10; city_match; state_match; postal_missing; within_india_bounds
"Regional Office, BELLARY",BELLARY,Karnataka & Goa,"“Bhavishya Nidhi Bhawan” Survey. No. 872, 873 & 876,, Main Raod, 2nd Stage, Raghvendra Colony,, Bellary - 583 103",Bellary - 583 103,,,15.143022,76.917328,very_low,0.174,nominatim,city_only,"Bellary - 583 103, India",string_similarity=0.22; token_overlap=0.06; city_mismatch; postal_unavailable; within_india_bounds
"Regional Office, CHIKAMAGALUR",CHIKAMAGALUR,Karnataka & Goa,"Karnataka Housing Board (KHB) 5th Phase,, Behind Fire Station,, Chikmagalur - 577102",Chikmagalur,,577102,13.32231,75.774,very_low,0.372,open_meteo,city_only,"Chikmagalur, India",string_similarity=0.28; token_overlap=0.18; city_match; postal_missing; within_india_bounds
"District Office, D.O - HASSAN",D.O - HASSAN,Karnataka & Goa,"Shankar Mutt Road, Hassan - 573201",Hassan,,573201,13.009213,76.106156,medium,0.772,nominatim,full_address,"Shankar Mutt Road, Hassan - 573201",string_similarity=0.49; token_overlap=1.00; city_match; postal_match; within_india_bounds
"Regional Office, GULBARGA",GULBARGA,Karnataka & Goa,"Bhavishya Nidhi Bhawan,, Aland Road,, Gulbarga - 585 101",Gulbarga - 585 101,,,17.331,76.833423,very_low,0.2,nominatim,city_only,"Gulbarga - 585 101, India",string_similarity=0.34; token_overlap=0.00; city_mismatch; postal_unavailable; within_india_bounds
"District Office, D.O - BIDAR",D.O - BIDAR,Karnataka & Goa,"H.No. 8-10-34, Below Assistant Drug Controller Office, Shendre Layout, Near Rang Mandir, Bidar, - 585401",Bidar,,585401,17.914507,77.51581,low,0.482,nominatim,postal_code,"585401, India",string_similarity=0.28; token_overlap=0.13; city_match; postal_match; within_india_bounds
"District Office, D.O - BIJAPUR",D.O - BIJAPUR,Karnataka & Goa,"KARMIKA SAMUDAYA BHAVAN, GROUND FLOOR, SY.NO. 1294/1A/2,, SINDAGI ROAD/NAKA, ALLAPUR ONI,, Vijaypura - 586104",Vijaypura,,586104,27.477797,76.290457,very_low,0.304,photon,city_only,"Vijaypura, India",string_similarity=0.16; token_overlap=0.07; city_match; postal_missing; within_india_bounds
"Regional Office, HUBLI",HUBLI,Karnataka & Goa,"Bhavishya Nidhi Bhavan, New Block No. 10,, Behind Income Tax Office, Navanagar,, Hubli - 580025",Hubli,,580025,15.351838,75.137985,very_low,0.329,nominatim,city_only,"Hubli, India",string_similarity=0.23; token_overlap=0.08; city_match; postal_missing; within_india_bounds
"District Office, D.O - KARAWAR",D.O - KARAWAR,Karnataka & Goa,"1774/M1,, Kaiga road,, Habbuwada, Karwar - 581306","Habbuwada, Karwar",,581306,14.812093,74.131923,very_low,0.201,photon,city_only,"Habbuwada, Karwar, India",string_similarity=0.23; token_overlap=0.17; city_mismatch; postal_missing; within_india_bounds
"District Office, D.O - BELGAVI",D.O - BELGAVI,Karnataka & Goa,"No.52,""DADHIMATI"",1ST FLOOR,, OPP:SHIVAJI PARK,SHAHAPUR,, Belagavi - 590003",Belagavi,,590003,15.840937,74.522457,low,0.472,nominatim,postal_code,"590003, India",string_similarity=0.21; token_overlap=0.20; city_match; postal_match; within_india_bounds
"Regional Office, MANGALURU",MANGALURU,Karnataka & Goa,"Bhavishya Nidhi Bhawan,Post Box No.572,, Silva Road Highlands,, Mangaluru - 575 002",Mangaluru - 575 002,,,12.86981,74.843008,very_low,0.202,nominatim,city_only,"Mangaluru - 575 002, India",string_similarity=0.29; token_overlap=0.08; city_mismatch; postal_unavailable; within_india_bounds
"Regional Office, MYSORE",MYSORE,Karnataka & Goa,"Bhavishyanidhi Bhawan,No.109-128,, 2nd Stage, Gayathripuram, Mysore - 570 019",Mysore - 570 019,,,12.305291,76.653925,very_low,0.165,photon,city_only,"Mysore - 570 019, India",string_similarity=0.17; token_overlap=0.10; city_mismatch; postal_unavailable; within_india_bounds
"District Office, D.O - MANDYA",D.O - MANDYA,Karnataka & Goa,"EPFO,1705/C, 1st Floor,, Christian Colony, R.P.Road,, Mandya, Karnataka - 571401","Mandya, Karnataka",,571401,12.524537,76.884134,medium,0.581,nominatim,postal_code,"571401, India",string_similarity=0.44; token_overlap=0.30; city_match; postal_match; within_india_bounds
"District Office, D.O - MADIKERI",D.O - MADIKERI,Karnataka & Goa,"SBM TE Building, Ground Floor, Near Head Post Office, Madikeri, KARNATAKA - 571201",Karnataka,,571201,12.420174,75.729102,low,0.537,nominatim,postal_code,"571201, India",string_similarity=0.34; token_overlap=0.27; city_match; postal_match; within_india_bounds
"Regional Office, RAICHUR",RAICHUR,Karnataka & Goa,"Bhavishya Nidhi Bhawan,Sy No.16/3, Askihal,, OPP:University of Agricultural Sciences,, Raichur - 584104",Raichur,,584104,16.083333,77.166667,very_low,0.328,maps_co,city_only,"Raichur, India",string_similarity=0.22; token_overlap=0.08; city_match; postal_missing; within_india_bounds
"District Office, D.O - BAGALKOT",D.O - BAGALKOT,Karnataka & Goa,"District Office, Bagalkot, Room No.237, District Administration Building, Navanagar, BAGALKOT - 587103",Bagalkot,,587103,16.179322,75.699932,low,0.546,nominatim,city_only,"Bagalkot, India",string_similarity=0.40; token_overlap=0.22; city_match; postal_match; within_india_bounds
"Regional Office, SHIMOGA",SHIMOGA,Karnataka & Goa,"E-1(b), Atal Bihari Vajpayee Layout,, Malligenahalli,, Shivamogga - 577205",Shivamogga,,577205,13.928567,75.547926,low,0.491,nominatim,postal_code,"577205, India",string_similarity=0.22; token_overlap=0.25; city_match; postal_match; within_india_bounds
"District Office, D.O - DAVANGERE",D.O - DAVANGERE,Karnataka & Goa,"Sankalpa Complex,1st floor, 512/3,, 1st Main Rd., K.B Extension, Karnataka State, Davangere - 577002",Davangere,,577002,14.46693,75.92694,very_low,0.385,open_meteo,city_only,"Davangere, India",string_similarity=0.32; token_overlap=0.17; city_match; postal_missing; within_india_bounds
"Regional Office, UDUPI",UDUPI,Karnataka & Goa,"Tulunadu Towers, 2nd & 3rd Floor,, Court Road, (Karnataka), Udupi - 576101",Udupi,,576101,13.344286,74.746429,low,0.543,nominatim,postal_code,"576101, India",string_similarity=0.34; token_overlap=0.30; city_match; postal_match; within_india_bounds
"Regional Office, GOA",GOA,Karnataka & Goa,"Bhavishya Nidhi Bhawan, 24, Patto Plaza,, Panjim,, Goa - 403 001",Goa - 403 001,Goa,,15.498995,73.828214,very_low,0.34,nominatim,city_state,"Goa - 403 001, Goa, India",string_similarity=0.33; token_overlap=0.10; city_mismatch; state_match; postal_unavailable; within_india_bounds
"Office of the Addl. Central Provident Fund Commissioner, CHENNAI & PUDUCHERRY (CHENNAI)",CHENNAI & PUDUCHERRY (CHENNAI),Chennai Zone,"Office of the Addl. Central Provident Fund Commissioner(Chennai & Puducherry),, No. 37, Royapettah High Road, Opposite Swagat Hotel, (TN)., Chennai - 600 014",Chennai - 600 014,,,13.051122,80.224758,very_low,0.172,nominatim,city_only,"Chennai - 600 014, India",string_similarity=0.22; token_overlap=0.06; city_mismatch; postal_unavailable; within_india_bounds
"Regional Office, AMBATTUR",AMBATTUR,Chennai Zone,"R-40, A-1, T.N.H.B Office-cum-Shopping Complex,, Mugappair East, Chennai, AMBATTUR - 600 037",Ambattur - 600 037,,,13.112303,80.14717,very_low,0.245,nominatim,city_only,"Ambattur - 600 037, India",string_similarity=0.35; token_overlap=0.17; city_mismatch; postal_unavailable; within_india_bounds
"Regional Office, CHENNAI (NORTH)",CHENNAI (NORTH),Chennai Zone,"No. 37, Royapettah High Road,, Opposite Swagat Hotel, (TN)., Chennai - 600 014",Chennai - 600 014,,,13.051122,80.224758,very_low,0.216,nominatim,city_only,"Chennai - 600 014, India",string_similarity=0.32; token_overlap=0.10; city_mismatch; postal_unavailable; within_india_bounds
"Regional Office, CHENNAI (SOUTH)",CHENNAI (SOUTH),Chennai Zone,"No. 37, Royapettah High Road,, Opposite Swagat Hotel, (TN)., Chennai - 600 014",Chennai - 600 014,,,13.051122,80.224758,very_low,0.216,nominatim,city_only,"Chennai - 600 014, India",string_similarity=0.32; token_overlap=0.10; city_mismatch; postal_unavailable; within_india_bounds
"Regional Office, PUDUCHERRY",PUDUCHERRY,Chennai Zone,"Sri Venni Commercial Complex, No. 101,, 100 Feet Road, Cholan Nagar, Olandai Keerapalayam,, Puducherry - 605 004",Puducherry - 605 004,Puducherry,,11.934057,79.830645,very_low,0.317,nominatim,city_state,"Puducherry - 605 004, Puducherry, India",string_similarity=0.29; token_overlap=0.07; city_mismatch; state_match; postal_unavailable; within_india_bounds
"Regional Office, SRIPERUMBUDUR",SRIPERUMBUDUR,Chennai Zone,"Regional Office : SRIPERUMBUDUR, 3, RAJAJI SALAI, WEST TAMBARAM, CHENNAI - 600045",Chennai,,600045,12.929697,80.116969,very_low,0.366,maps_co,postal_code,"600045, India",string_similarity=0.33; token_overlap=0.20; city_mismatch; postal_match; within_india_bounds
"Regional Office, TAMBARAM",TAMBARAM,Chennai Zone,"3, Rajaji Salai,, West Tambaram, CHENNAI - 600 045",Chennai - 600 045,,,13.083694,80.270186,very_low,0.203,nominatim,city_only,"Chennai - 600 045, India",string_similarity=0.26; token_overlap=0.12; city_mismatch; postal_unavailable; within_india_bounds
"Regional Office, THIRUVALLUR",THIRUVALLUR,Chennai Zone,"Regional Office, THIRUVALLUR, R-40, A-1, T.N.H.B Office-cum-Shopping Complex,, Mugappair East, Chennai - 600 037 - 600037","Mugappair East, Chennai",,600037,13.082965,80.173048,very_low,0.343,nominatim,postal_code,"600037, India",string_similarity=0.26; token_overlap=0.21; city_mismatch; postal_match; within_india_bounds
"Regional Office, VELLORE",VELLORE,Chennai Zone,"S-1, TNHB, Phase III,, Sathuvachari, Vellore - 632 009",Vellore - 632 009,,,12.935199,79.151559,very_low,0.338,nominatim,city_only,"Vellore - 632 009, India",string_similarity=0.56; token_overlap=0.25; city_mismatch; postal_unavailable; within_india_bounds
"Office of the Addl. Central Provident Fund Commissioner, TAMIL NADU(EXCLUDING CHENNAI)",TAMIL NADU(EXCLUDING CHENNAI),Tamil Nadu,"P.B.No-3875,, Dr. Balasundaram Road,, Coimbatore - 641018.",Coimbatore,Tamil Nadu,641018,11.010808,76.980586,medium,0.683,nominatim,postal_code,"641018, India",string_similarity=0.32; token_overlap=0.40; city_match; state_match; postal_match; within_india_bounds
"Regional Office, TIRUPPUR",TIRUPPUR,Tamil Nadu,"Regional Office, Tiruppur 497, Ist Floor, M/s. Muthusamy & Bros Industrial Complex, Palladam Road, Tiruppur, TIRUPUR - 641604",Tirupur,,641604,11.101989,77.252845,low,0.416,photon,city_only,"Tirupur, India",string_similarity=0.38; token_overlap=0.21; city_match; postal_missing; within_india_bounds
"Regional Office, COIMBATORE",COIMBATORE,Tamil Nadu,"Bhavishyanidhi Bhavan, Post Box No.3875,, Dr.Balasundaram Road, Coimbatore - 641 018",Coimbatore - 641 018,,,11.033486,76.966672,very_low,0.213,nominatim,city_only,"Coimbatore - 641 018, India",string_similarity=0.31; token_overlap=0.10; city_mismatch; postal_unavailable; within_india_bounds
"District Office, D.O - COONOOR",D.O - COONOOR,Tamil Nadu,"Employees' Provident Fund Organisation, District Office, Coonoor, 2nd Floor, BSNL Exchange Building,, Opp. SIMS Park, Coonoor, The Nilgiris, COONOOR - 643101",Coonoor,,643101,11.3533821,76.800523,medium,0.9,google_maps,official_address_landmark,"BSNL Customer Care Office, Coonoor",official_address_match; building_landmark_match; postal_match; within_india_bounds
"District Office, D.O - OOTY",D.O - OOTY,Tamil Nadu,"No. 274, C-1, Alexander Cottage,, STATE BANK LANE, OOTACAMUND - 643001",Ootacamund,,643001,11.417565,76.672553,very_low,0.341,photon,city_only,"Ootacamund, India",string_similarity=0.24; token_overlap=0.11; city_match; postal_missing; within_india_bounds
"District Office, D.O - POLLACHI",D.O - POLLACHI,Tamil Nadu,"BSNL Microwave Building, Mahalakshmi Nagar, Tiruppur Road,, Puliyampatty Post, Pollachi, Pollachi - 642002",Pollachi,,642002,10.669037,77.008322,low,0.469,nominatim,postal_code,"642002, India",string_similarity=0.21; token_overlap=0.18; city_match; postal_match; within_india_bounds
"Regional Office, MADURAI",MADURAI,Tamil Nadu,"Bhavishya Nidhi Bhavan, 1, Lady Doak College Road,, Chokkikulam,, Madurai - 625 002",Madurai - 625 002,,,9.919271,78.109881,very_low,0.198,photon,city_only,"Madurai - 625 002, India",string_similarity=0.28; token_overlap=0.08; city_mismatch; postal_unavailable; within_india_bounds
"District Office, D.O - SIVAKASI",D.O - SIVAKASI,Tamil Nadu,"KM Complex, Old Virudhunagar Road, Sivakasi - 626189",Sivakasi,,626189,9.437754,77.816006,medium,0.627,nominatim,postal_code,"626189, India",string_similarity=0.44; token_overlap=0.50; city_match; postal_match; within_india_bounds
"District Office, D.O - DINDIGUL",D.O - DINDIGUL,Tamil Nadu,"Bava Lodge Building, 16-A, Railway Station Road, Nagal Nagar, Dindigul - 624003",Dindigul,,624003,10.357027,77.981196,low,0.475,nominatim,postal_code,"624003, India",string_similarity=0.23; token_overlap=0.18; city_match; postal_match; within_india_bounds
"Regional Office, NAGERCOIL",NAGERCOIL,Tamil Nadu,"No. 65A,, Water Tank Road,, Nagercoil - 629 001",Nagercoil - 629 001,,,8.183243,77.42139,very_low,0.373,nominatim,full_address,"No. 65A,, Water Tank Road,, Nagercoil - 629 001",string_similarity=0.43; token_overlap=0.57; city_mismatch; postal_unavailable; within_india_bounds
"Regional Office, SALEM",SALEM,Tamil Nadu,"STEEL PLANT ROAD, DALAVAYPATTI, Salem - 636302",Salem,,636302,11.669646,78.097225,low,0.503,nominatim,postal_code,"636302, India",string_similarity=0.20; token_overlap=0.33; city_match; postal_match; within_india_bounds
"District Office, D.O - ERODE",D.O - ERODE,Tamil Nadu,"Raj Majestic,351/4 & 351/5,, Erode to Salem Main Road,, Karungalpalayam,Erode - 638003","Karungalpalayam,Erode",,638003,11.34825,77.729735,very_low,0.346,nominatim,postal_code,"638003, India",string_similarity=0.29; token_overlap=0.18; city_mismatch; postal_match; within_india_bounds
"District Office, D.O - KRISHNAGIRI",D.O - KRISHNAGIRI,Tamil Nadu,"35A/107, West Link Road,, Co-Operative Colony,, Krishnagiri - 635001",Krishnagiri,,635001,12.52221,78.213903,low,0.524,nominatim,postal_code,"635001, India",string_similarity=0.34; token_overlap=0.22; city_match; postal_match; within_india_bounds
"Regional Office, TIRUNELVELI",TIRUNELVELI,Tamil Nadu,"Bhavishya Nidhi Bhavan, NGO ""B"" Colony, Tirunelveli - 627 007",Tirunelveli - 627 007,,,8.699177,77.716977,very_low,0.247,nominatim,city_only,"Tirunelveli - 627 007, India",string_similarity=0.39; token_overlap=0.12; city_mismatch; postal_unavailable; within_india_bounds
"District Office, D.O - TUTICORIN",D.O - TUTICORIN,Tamil Nadu,"District Office, 73H/2D, 2F, N.P. Complex, 60 Feet Road, PolpettaiPolpettai,, Tuticorin - 628 002",Tuticorin - 628 002,,,8.827387,78.129355,very_low,0.225,nominatim,city_only,"Tuticorin - 628 002, India",string_similarity=0.28; token_overlap=0.18; city_mismatch; postal_unavailable; within_india_bounds
"Regional Office, TRICHY",TRICHY,Tamil Nadu,"Post Box No. 588. Sree Complex, 'D' Block,No. 18, Madurai Road, Trichy - 620 008",Trichy,,620008,10.820743,78.69226,high,1,google_maps,exact_place,"EPFO Regional Office, Madurai Road, Tiruchirappalli",official_address_match; exact_place_match; postal_match; within_india_bounds
"District Office, D.O - THANJAVUR",D.O - THANJAVUR,Tamil Nadu,"No.35-B, Pandian Nagar,, Medical College Road,, Thanjavur - 613007",Thanjavur,,613007,10.768902,79.131048,low,0.544,maps_co,postal_code,"613007, India",string_similarity=0.38; token_overlap=0.25; city_match; postal_match; within_india_bounds
"District Office, D.O - KARUR",D.O - KARUR,Tamil Nadu,"municipal Shopping Complex,, New Building second floor, Azad Road,, Karur - 639001.",Karur,,639001,10.959861,78.075323,low,0.45,nominatim,postal_code,"639001, India",string_similarity=0.16; token_overlap=0.18; city_match; postal_match; within_india_bounds
"District Office, D.O - CUDDALORE",D.O - CUDDALORE,Tamil Nadu,"A.R.A. Complex,, 22,Nethaji Road, Manjakuppam,, Cuddalore - 607001.",Cuddalore,,607001,11.756255,79.762177,low,0.51,nominatim,postal_code,"607001, India",string_similarity=0.25; token_overlap=0.29; city_match; postal_match; within_india_bounds
"District Office, D.O - KUMBAKONAM",D.O - KUMBAKONAM,Tamil Nadu,"95,, mothilal street,, Kumbakonam - 612001",Kumbakonam,,612001,10.960411,79.382086,medium,0.59,nominatim,city_only,"Kumbakonam, India",string_similarity=0.40; token_overlap=0.40; city_match; postal_match; within_india_bounds
"Office of the Addl. Central Provident Fund Commissioner, MAHARASHTRA(EXCLUDING MUMBAI)(PUNE)",MAHARASHTRA(EXCLUDING MUMBAI)(PUNE),Maharashtra & Chhattisgarh,"2nd Floor, Pune Cantonment Board Building,, Near Golibar Maidan, Camp, Pune(Maharashtra) - 411 001.",Pune(Maharashtra) - 411 001.,Maharashtra,,18.513308,73.826736,very_low,0.343,nominatim,city_state,"Pune(Maharashtra) - 411 001., Maharashtra, India",string_similarity=0.30; token_overlap=0.15; city_mismatch; state_match; postal_unavailable; within_india_bounds
"Regional Office, AKOLA",AKOLA,Maharashtra & Chhattisgarh,"15-B, Raghuraj Arcade,, Civil Lines, Akola - 444001",Akola,,444001,20.710676,77.01069,low,0.53,nominatim,postal_code,"444001, India",string_similarity=0.31; token_overlap=0.29; city_match; postal_match; within_india_bounds
"District Office, D.O - AMRAVATI",D.O - AMRAVATI,Maharashtra & Chhattisgarh,"EPFO, District Office-Amravati,C/o Ms. Nandini Dole,, Dole bungalow, In front of Amravati Railway Station, Maltekdi Road,, Amravati - 444606",Amravati,,444606,20.921712,77.767028,low,0.436,nominatim,postal_code,"444606, India",string_similarity=0.14; token_overlap=0.15; city_match; postal_match; within_india_bounds
"Regional Office, CHHATRAPATI SAMBHAJINAGAR",CHHATRAPATI SAMBHAJINAGAR,Maharashtra & Chhattisgarh,"Bhavishya Nidhi Bhavan, Plot No.2,Town Centre, Commercial Area, C.I.D.C.O.,New Aurangabad, Aurangabad - 431 029",Aurangabad - 431 029,,,19.8598,75.311401,very_low,0.184,photon,city_only,"Aurangabad - 431 029, India",string_similarity=0.24; token_overlap=0.08; city_mismatch; postal_unavailable; within_india_bounds
"Regional Office, KOLHAPUR",KOLHAPUR,Maharashtra & Chhattisgarh,"Bhavishya Nidhi Bhavan, 238/6,, E' Ward, Tarabai Park,, Kolhapur - 416003",Kolhapur,,416003,16.7123155,74.2433791,high,1,google_maps,exact_place,"Provident Fund Office, 238/6 E Ward, Tarabai Park, Kolhapur",official_address_match; exact_place_match; postal_match; within_india_bounds
"Regional Office, NAGPUR",NAGPUR,Maharashtra & Chhattisgarh,"132-A, Ridge Road,, Tukdoji Square,Raghuji Nagar, Nagpur - 440 009",Nagpur - 440 009,,,21.147717,79.039243,very_low,0.27,photon,city_only,"Nagpur - 440 009, India",string_similarity=0.47; token_overlap=0.10; city_mismatch; postal_unavailable; within_india_bounds
"Regional Office, NAGPUR (ANNEX BLDG)",NAGPUR (ANNEX BLDG),Maharashtra & Chhattisgarh,"E.P.F Organisation,, Umred Road, Near Shitla Mata Mandir,, Nagpur - 440 024, 2746734, 2756765",Nagpur,,440024,21.1212648,79.1204893,high,1,google_maps,exact_place,"EPFO RO PF Office Annex Building, Umred Road, Nagpur",official_address_match; exact_place_match; postal_match; within_india_bounds
"District Office, D.O - CHANDRAPUR",D.O - CHANDRAPUR,Maharashtra & Chhattisgarh,"Ground Floor, BSNL Building, Near Zila Stadium, Civil Lines, Chandrapur - 442401",Chandrapur,,442401,19.987121,79.317196,low,0.467,nominatim,postal_code,"442401, India",string_similarity=0.20; token_overlap=0.18; city_match; postal_match; within_india_bounds
"Regional Office, NASIK",NASIK,Maharashtra & Chhattisgarh,"Bhavishya Nidhi Bhavan, Plot No.P-11,, MIDC Satpur (Maharashtra)., Nasik - 422007",Nasik,,422007,20.012537,73.729824,very_low,0.361,nominatim,postal_code,"422007, India",string_similarity=0.32; token_overlap=0.20; city_mismatch; postal_match; within_india_bounds
"District Office, D.O - AHMADNAGAR",D.O - AHMADNAGAR,Maharashtra & Chhattisgarh,"Savitribai Phule Sankul, Second Floor, Savedi, Ahmadnagar - 414003",Ahmadnagar,,414003,19.095376,74.755492,very_low,0.344,photon,city_only,"Ahmadnagar, India",string_similarity=0.24; token_overlap=0.12; city_match; postal_missing; within_india_bounds
"District Office, D.O - JALGAON",D.O - JALGAON,Maharashtra & Chhattisgarh,"Bhavishya Nidhi Aayuktalaya, Near BSNL Tower, P-53, Raymond Choufuli, MIDC, Jalgaon - 425003",Jalgaon,,425003,20.937473,75.607998,low,0.479,nominatim,postal_code,"425003, India",string_similarity=0.25; token_overlap=0.17; city_match; postal_match; within_india_bounds
"Regional Office, PUNE (HINJAWADI)",PUNE (HINJAWADI),Maharashtra & Chhattisgarh,"EPFO, RO Hinjawadi, Sanjay Kale Sabhagriha, Nr. Dnyaneshwar Udyan,, PCMC Commercial Complex,Sector 28, Pradhikaran, Akurdi, Pune - 411044",Pune,,411044,18.654585,73.76976,low,0.438,nominatim,postal_code,"411044, India",string_similarity=0.16; token_overlap=0.12; city_match; postal_match; within_india_bounds
"Regional Office, PUNE (PUNE CANTT.)",PUNE (PUNE CANTT.),Maharashtra & Chhattisgarh,"2nd and 3rd Floor, Pune Cantonment Board Building,, Near Golibar Maidan, Camp, (Maharashtra), Pune - 411001",Pune,,411001,18.532486,73.877493,low,0.522,nominatim,postal_code,"411001, India",string_similarity=0.34; token_overlap=0.21; city_match; postal_match; within_india_bounds
"Regional Office, PUNE (AKURDI)",PUNE (AKURDI),Maharashtra & Chhattisgarh,"E.P.F Organisation, Sector-28, Commercial Complex,, Sanjay Kale Sabha Griha, Pradhikaran, Akurdi,, Pune - 411044",Pune,,411044,18.654585,73.76976,low,0.445,nominatim,postal_code,"411044, India",string_similarity=0.16; token_overlap=0.15; city_match; postal_match; within_india_bounds
"Regional Office, PUNE (VIMAN NAGAR)",PUNE (VIMAN NAGAR),Maharashtra & Chhattisgarh,"2nd and 3rd Floor, Pune Cantonment Board Building,, Near Golibar Maidan, Camp, (Maharashtra), Pune - 411001",Pune,,411001,18.532486,73.877493,low,0.522,nominatim,postal_code,"411001, India",string_similarity=0.34; token_overlap=0.21; city_match; postal_match; within_india_bounds
"Regional Office, SOLAPUR",SOLAPUR,Maharashtra & Chhattisgarh,"165-A, Railway Lines, Survase Tower,, Solapur - 413001",Solapur,,413001,17.668077,75.901337,low,0.496,nominatim,postal_code,"413001, India",string_similarity=0.21; token_overlap=0.29; city_match; postal_match; within_india_bounds
"Office of the Addl. Central Provident Fund Commissioner, BIHAR & JHARKHAND(PATNA)",BIHAR & JHARKHAND(PATNA),Bihar & Jharkhand,"Road No.06,Block R,, Serpantine Road,Near MLA Flats, Patna - 800001.",Patna,,800001,25.609324,85.123525,low,0.521,nominatim,city_only,"Patna, India",string_similarity=0.33; token_overlap=0.22; city_match; postal_match; within_india_bounds
"Regional Office, BHAGALPUR",BHAGALPUR,Bihar & Jharkhand,"Telephone Bhawan, M. G. Path, Near Head Post Office, Bhagalpur - 812001",Bhagalpur,,812001,25.293884,86.934573,low,0.536,nominatim,postal_code,"812001, India",string_similarity=0.37; token_overlap=0.22; city_match; postal_match; within_india_bounds
"District Office, D.O - KATIHAR",D.O - KATIHAR,Bihar & Jharkhand,"Katihar Medical College Road,, Bheriya, Rahika, KATIHAR - 854106",Katihar,,854106,25.551202,87.530444,low,0.526,nominatim,postal_code,"854106, India",string_similarity=0.30; token_overlap=0.29; city_match; postal_match; within_india_bounds
"District Office, D.O - MUNGER",D.O - MUNGER,Bihar & Jharkhand,"Prafulla Bhawan, 1st Floor, Betwan Bazar, MUNGER - 811201",Munger,,811201,25.317336,86.49207,very_low,0.385,photon,postal_code,"811201, India",string_similarity=0.35; token_overlap=0.12; city_match; postal_missing; within_india_bounds
"Regional Office, MUZAFFARPUR",MUZAFFARPUR,Bihar & Jharkhand,"BSNL Campus ,, Companybagh,, Muzaffarpur - 842001",Muzaffarpur,,842001,26.124741,85.380862,medium,0.612,nominatim,postal_code,"842001, India",string_similarity=0.46; token_overlap=0.40; city_match; postal_match; within_india_bounds
"District Office, D.O - DARBHANGA",D.O - DARBHANGA,Bihar & Jharkhand,"Ekmi Road, Said Nagar,, Laheriasarai, Darbhanga - 846001",Darbhanga,,846001,26.115721,85.90012,low,0.549,nominatim,postal_code,"846001, India",string_similarity=0.36; token_overlap=0.29; city_match; postal_match; within_india_bounds
"Regional Office, PATNA",PATNA,Bihar & Jharkhand,"Bhavishyanidhi Bhawan, R-Block,, Road No. 06,, Patna - 800 001",Patna - 800 001,,,25.609324,85.123525,very_low,0.22,nominatim,city_only,"Patna - 800 001, India",string_similarity=0.31; token_overlap=0.12; city_mismatch; postal_unavailable; within_india_bounds
"District Office, D.O - ROHTAS",D.O - ROHTAS,Bihar & Jharkhand,"Shanti Niketan,, Pali Road,, Dehri-On-Sone, - 821307",Dehri,,821307,24.901789,84.184978,low,0.502,nominatim,postal_code,"821307, India",string_similarity=0.23; token_overlap=0.29; city_match; postal_match; within_india_bounds
"District Office, D.O - GAYA",D.O - GAYA,Bihar & Jharkhand,"231,, A.P Colony,, Gaya, - 823001",Gaya,,823001,24.794033,84.997975,medium,0.641,nominatim,postal_code,"823001, India",string_similarity=0.47; token_overlap=0.50; city_match; postal_match; within_india_bounds
"Regional Office, JAMSHEDPUR",JAMSHEDPUR,Bihar & Jharkhand,"Bhavishya Nidhi Bhawan,, Aambagan, Sakchi, (Jharkhand), Jamshedpur - 831001",Jamshedpur,,831001,22.801519,86.202958,low,0.533,nominatim,city_only,"Jamshedpur, India",string_similarity=0.26; token_overlap=0.38; city_match; postal_match; within_india_bounds
"District Office, D.O - CHAIBASA",D.O - CHAIBASA,Bihar & Jharkhand,"Shree Balaji ApartmentNimdih,, Distt.- West Singhbhum,, Chaibasa - 833201.",Chaibasa,,833201,22.548352,85.818888,medium,0.656,nominatim,city_only,"Chaibasa, India",string_similarity=0.52; token_overlap=0.50; city_match; postal_match; within_india_bounds
"Regional Office, RANCHI",RANCHI,Bihar & Jharkhand,"BHAVISHYA NIDHI BHAWAN, HINOO, DORANDA, Ranchi - 834002",Ranchi,,834002,23.338528,85.313759,low,0.517,nominatim,postal_code,"834002, India",string_similarity=0.27; token_overlap=0.29; city_match; postal_match; within_india_bounds
"District Office, D.O - SAHIBGANJ",D.O - SAHIBGANJ,Bihar & Jharkhand,"2nd Floor,Guha Market, College Road,, PO & Dist.Sahibganj, - 816109",Po & Dist.Sahibganj,,816109,25.249106,87.62299,very_low,0.374,nominatim,postal_code,"816109, India",string_similarity=0.34; token_overlap=0.22; city_mismatch; postal_match; within_india_bounds
"District Office, D.O - KODERMA",D.O - KODERMA,Bihar & Jharkhand,"2nd Floor, Maa Gayatri Surya Complex, Ranchi-Patna Road,, Jhumritelaiya, Koderma - 825409","Jhumritelaiya, Koderma",,825409,24.43443,85.52529,very_low,0.306,nominatim,postal_code,"825409, India",string_similarity=0.18; token_overlap=0.17; city_mismatch; postal_match; within_india_bounds
"District Office, D.O - BOKARO",D.O - BOKARO,Bihar & Jharkhand,"Near S.P. Office,, Sector-I,, Bokaro Steel City,Jharkhand - 827001","Bokaro Steel City,Jharkhand",,827001,23.728067,86.052755,low,0.444,nominatim,postal_code,"827001, India",string_similarity=0.43; token_overlap=0.38; city_mismatch; postal_match; within_india_bounds
"District Office, D.O - GIRIDIH",D.O - GIRIDIH,Bihar & Jharkhand,"Samanta Complex, Court Road,, Giridih,Jharkhand - 815301","Giridih,Jharkhand",,815301,24.184604,86.303139,low,0.464,nominatim,postal_code,"815301, India",string_similarity=0.45; token_overlap=0.43; city_mismatch; postal_match; within_india_bounds
"District Office, D.O - DEOGHAR",D.O - DEOGHAR,Bihar & Jharkhand,"Saket Vihar,, Opp. D.C. Residence, Deoghar, Jharkhand, - 814112","Deoghar, Jharkhand",,814112,24.489832,86.699018,medium,0.647,nominatim,city_only,"Deoghar, Jharkhand, India",string_similarity=0.54; token_overlap=0.43; city_match; postal_match; within_india_bounds
"District Office, D.O - DHANBAD",D.O - DHANBAD,Bihar & Jharkhand,"Employees' Provident Fund Organisation,, District Office, Dhanbad BSNL Building, Near Head Post Office,Dhanbad,Jharkhand - 826001",Dhanbad,Jharkhand,826001,23.7981609,86.4320728,medium,0.9,manual_verified,official_address_landmark,"BSNL Building near Dhanbad Head Post Office",official_address_match; adjacent_landmark_match; postal_match; within_india_bounds
"Office of the Addl. Central Provident Fund Commissioner, KERALA & LAKSHADWEEP (THIRUVANANTHAPURAM)",KERALA & LAKSHADWEEP (THIRUVANANTHAPURAM),Kerala & Lakshadweep,"Bhavishyanidhi Bhawan,P.B. No. . 1016,, Pattom,, Thiruvananthapuram - 695 004.",Thiruvananthapuram - 695 004.,,,8.488227,76.947551,very_low,0.245,photon,city_only,"Thiruvananthapuram - 695 004., India",string_similarity=0.37; token_overlap=0.14; city_mismatch; postal_unavailable; within_india_bounds
"Regional Office, KOCHI",KOCHI,Kerala & Lakshadweep,"Bhavishya Nidhi Bhawan,, P.F. Road, Kaloor,, Kochi, Kerala - 682 017","Kochi, Kerala - 682 017",,,9.967903,76.244438,very_low,0.26,nominatim,city_only,"Kochi, Kerala - 682 017, India",string_similarity=0.36; token_overlap=0.22; city_mismatch; postal_unavailable; within_india_bounds
"District Office, D.O - ALLEYPPEY",D.O - ALLEYPPEY,Kerala & Lakshadweep,"Sanchar Bhavan, Pichu Iyyer Road,, Mullakkal PO,, ALAPPUZHA - 688011",Alappuzha,,688011,9.494272,76.34376,low,0.511,nominatim,postal_code,"688011, India",string_similarity=0.28; token_overlap=0.25; city_match; postal_match; within_india_bounds
"District Office, D.O - THRISSUR",D.O - THRISSUR,Kerala & Lakshadweep,"EPFO, S-54, III Floor, Sakthan Arcade, Sakthan Thampuran Nagar, Thrissur - 680001",Thrissur,,680001,10.52701,76.214621,low,0.5,nominatim,city_only,"Thrissur, India",string_similarity=0.29; token_overlap=0.20; city_match; postal_match; within_india_bounds
"Regional Office, KOZHIKODE (CALICUT)",KOZHIKODE (CALICUT),Kerala & Lakshadweep,"Bhavishya Nidhi Bhawan, P.B. No. 1806,, Eranhipalam(PO),, Kozhikode - 673 006",Kozhikode - 673 006,,,11.245056,75.775472,very_low,0.214,nominatim,city_only,"Kozhikode - 673 006, India",string_similarity=0.29; token_overlap=0.12; city_mismatch; postal_unavailable; within_india_bounds
"District Office, D.O - PALAKKAD",D.O - PALAKKAD,Kerala & Lakshadweep,"EPFO, 2nd FLOOR, RAM ARCADE,, CHANDRA NAGAR,, Palakkad - 673007",Palakkad,,673007,10.77319,76.65366,very_low,0.382,open_meteo,city_only,"Palakkad, India",string_similarity=0.35; token_overlap=0.11; city_match; postal_missing; within_india_bounds
"District Office, D.O - WAYANAD",D.O - WAYANAD,Kerala & Lakshadweep,"Popular Building, Opp: Civil Station,Kalpetta, Wayanad - 673 122",Wayanad - 673 122,,,11.61426,76.082719,very_low,0.298,nominatim,city_only,"Wayanad - 673 122, India",string_similarity=0.46; token_overlap=0.22; city_mismatch; postal_unavailable; within_india_bounds
"Regional Office, KOLLAM",KOLLAM,Kerala & Lakshadweep,"Ponnamma Chambers,Parameswar Nagar,, Opposite Archana-Aradhana Theatre, Kollam - 691 001",Kollam - 691 001,,,8.887082,76.590702,very_low,0.186,nominatim,city_only,"Kollam - 691 001, India",string_similarity=0.24; token_overlap=0.09; city_mismatch; postal_unavailable; within_india_bounds
"Regional Office, KANNUR",KANNUR,Kerala & Lakshadweep,"P.B. No. 117, Fort Building,, V.K. Complex, Fort Road, Kannur - 670 001",Kannur - 670 001,,,11.867719,75.404835,very_low,0.209,nominatim,city_only,"Kannur - 670 001, India",string_similarity=0.28; token_overlap=0.12; city_mismatch; postal_unavailable; within_india_bounds
"Regional Office, KOTTAYAM",KOTTAYAM,Kerala & Lakshadweep,"Aditya Sabari Tower,, Post Office Road,Thirunakkara. Kerala,, Kottayam - 686 001",Kottayam - 686 001,,,9.591564,76.52216,very_low,0.245,nominatim,city_only,"Kottayam - 686 001, India",string_similarity=0.34; token_overlap=0.18; city_mismatch; postal_unavailable; within_india_bounds
"District Office, D.O - MUNNAR",D.O - MUNNAR,Kerala & Lakshadweep,"EPFO District Office,Panchayat Office Building,, Munnar-P.O, Munnar,, Idukki District,Kerala State - 685612","Idukki District,Kerala State",,685612,10.095078,77.077554,very_low,0.38,nominatim,postal_code,"685612, India",string_similarity=0.30; token_overlap=0.30; city_mismatch; postal_match; within_india_bounds
"Regional Office, THIRUVANANTHAPURAM",THIRUVANANTHAPURAM,Kerala & Lakshadweep,"Bhavishyanidhi Bhawan,P.B. No. . 1016,, Pattom, Thiruvananthapuram - 695 004",Thiruvananthapuram - 695 004,,,8.530615,76.940919,very_low,0.253,maps_co,city_only,"Thiruvananthapuram - 695 004, India",string_similarity=0.39; token_overlap=0.14; city_mismatch; postal_unavailable; within_india_bounds
"Office of the Addl. Central Provident Fund Commissioner, RAJASTHAN",RAJASTHAN,Rajasthan,"Nidhi Bhawan, Vidyut Marg,, Jyoti Nagar,(RJ), Jaipur - 302 005",Jaipur - 302 005,Rajasthan,,26.915458,75.818982,very_low,0.313,nominatim,city_state,"Jaipur - 302 005, Rajasthan, India",string_similarity=0.24; token_overlap=0.11; city_mismatch; state_match; postal_unavailable; within_india_bounds
"Regional Office, ALWAR",ALWAR,Rajasthan,"Employees' Provident Fund Organisation, ""Bhavishya Nidhi Bhawan"", Agrasen Circle,, Alwar - 301001",Alwar,,301001,27.5513589,76.6019371,high,1,google_maps,exact_place,"EPF Employees Provident Fund, Alwar",official_phone_match; exact_place_match; postal_match; within_india_bounds
"District Office, D.O - BHARATPUR",D.O - BHARATPUR,Rajasthan,"EPFO, A-84,, Ranjit Nagar,, Bharatpur - 321001",Bharatpur,,321001,27.216016,77.500113,low,0.525,nominatim,postal_code,"321001, India",string_similarity=0.26; token_overlap=0.33; city_match; postal_match; within_india_bounds
"Regional Office, JODHPUR",JODHPUR,Rajasthan,"130, Paschim Pal Vistar Yojana,, Opp. Shankar Nagar, (Rajasthan), Jodhpur - 342 008",Jodhpur - 342 008,,,26.266475,72.97964,very_low,0.267,nominatim,city_only,"Jodhpur - 342 008, India",string_similarity=0.36; token_overlap=0.25; city_mismatch; postal_unavailable; within_india_bounds
"District Office, D.O - PALI",D.O - PALI,Rajasthan,"621, Subhash Nagar A,, Opposite Mill Gate,, Pali - 306401",Pali,,306401,25.842335,73.392869,low,0.482,nominatim,postal_code,"306401, India",string_similarity=0.20; token_overlap=0.25; city_match; postal_match; within_india_bounds
"District Office, D.O - SRIGANGANAGAR",D.O - SRIGANGANAGAR,Rajasthan,"25-B Block,, Behind Amrit Mishthan Bhandar,, Sriganganagar - 335001",Sriganganagar,,335001,29.931964,73.872345,low,0.498,nominatim,city_only,"Sriganganagar, India",string_similarity=0.24; token_overlap=0.25; city_match; postal_match; within_india_bounds
"District Office, D.O - BIKANER",D.O - BIKANER,Rajasthan,"5/B1,, Jai Narain Vyas Colony,, Bikaner - 334001",Bikaner,,334001,28.015929,73.317137,low,0.56,nominatim,city_only,"Bikaner, India",string_similarity=0.40; token_overlap=0.29; city_match; postal_match; within_india_bounds
"Regional Office, KOTA",KOTA,Rajasthan,"Nidhi Bhawan,, Vigyan Nagar, (Rajasthan), Kota - 324005",Kota,,324005,25.146806,75.847365,low,0.575,nominatim,postal_code,"324005, India",string_similarity=0.34; token_overlap=0.43; city_match; postal_match; within_india_bounds
"Regional Office, JAIPUR",JAIPUR,Rajasthan,"Nidhi Bhawan, Vidyut Marg,, Jyoti Nagar,(RJ), Jaipur - 302 005",Jaipur - 302 005,,,26.896597,75.797692,very_low,0.303,photon,full_address,"Nidhi Bhawan, Vidyut Marg,, Jyoti Nagar,(RJ), Jaipur - 302 005",string_similarity=0.40; token_overlap=0.33; city_mismatch; postal_unavailable; within_india_bounds
"District Office, D.O - AJMER",D.O - AJMER,Rajasthan,"EPFO,A-3, Haribhau Upadhyay Nagar,, Near Regional College Chouraha, Pushkar Road,, Ajmer - 305001",Ajmer,,305001,26.462195,74.635248,low,0.454,nominatim,postal_code,"305001, India",string_similarity=0.19; token_overlap=0.15; city_match; postal_match; within_india_bounds
"District Office, D.O - JHUNJHUNUN",D.O - JHUNJHUNUN,Rajasthan,"EPFO, 106, Water works lane, between Gali no. 2-3, Man Nagar,, Jhunjhunu - 333001",Jhunjhunu,,333001,28.128799,75.399258,low,0.506,maps_co,city_only,"Jhunjhunu, India",string_similarity=0.34; token_overlap=0.15; city_match; postal_match; within_india_bounds
"Regional Office, UDAIPUR",UDAIPUR,Rajasthan,"Chitrakoot Nagar,, Bhuwana, (Rajasthan)., Udaipur - 313 004",Udaipur - 313 004,,,24.619582,73.727487,very_low,0.377,photon,full_address,"Chitrakoot Nagar,, Bhuwana, (Rajasthan)., Udaipur - 313 004",string_similarity=0.54; token_overlap=0.43; city_mismatch; postal_unavailable; within_india_bounds
"District Office, D.O - BHILWARA",D.O - BHILWARA,Rajasthan,"13-14, Ganesh Mandir Road, Gandhi Nagar, Bhilwara - 311001",Bhilwara,,311001,25.362376,74.639789,low,0.495,nominatim,postal_code,"311001, India",string_similarity=0.26; token_overlap=0.22; city_match; postal_match; within_india_bounds
"Office of the Addl. Central Provident Fund Commissioner, HARYANA",HARYANA,Haryana,"Office of the Addl. Central Provident Fund Commissioner(Haryana), Dr. Shyama Prasad Mukherjee Institute of Social Security Administration Building,, Sector 16-A, Old Faridabad, Haryana - 121002",Haryana,Haryana,121002,28.415415,77.329553,low,0.571,nominatim,postal_code,"121002, India",string_similarity=0.19; token_overlap=0.14; city_match; state_match; postal_match; within_india_bounds
"Regional Office, FARIDABAD",FARIDABAD,Haryana,"Bhavishya Nidhi Bhawan, Sector 15A, (HR), Faridabad - 121007",Faridabad,,121007,28.39052,77.323094,low,0.527,nominatim,postal_code,"121007, India",string_similarity=0.30; token_overlap=0.29; city_match; postal_match; within_india_bounds
"Regional Office, GURUGRAM (EAST)",GURUGRAM (EAST),Haryana,"Bhavishya Nidhi Bhawan, Plot No.43,Sector 44,, Institutional Area,, Gurugram - 122003",Gurugram,,122003,28.43139,77.074304,low,0.533,nominatim,postal_code,"122003, India",string_similarity=0.33; token_overlap=0.27; city_match; postal_match; within_india_bounds
"Regional Office, GURUGRAM (CENTRAL)",GURUGRAM (CENTRAL),Haryana,"Regional Office, Gurugram (Central), First Floor, Tower-A, C-1, GTPL Info-city 1,, Sector 34, Gurugram - 122004","Sector 34, Gurugram",,122004,28.428003,77.011568,very_low,0.384,nominatim,city_only,"Sector 34, Gurugram, India",string_similarity=0.29; token_overlap=0.21; city_match; postal_missing; within_india_bounds
"Regional Office, GURUGRAM (WEST)",GURUGRAM (WEST),Haryana,"Regional Office, Gurugram (West),, Telephone Exchange Building, Sec- 56,, Gurugram - 122011",Gurugram,,122011,28.426549,77.091583,low,0.54,nominatim,postal_code,"122011, India",string_similarity=0.33; token_overlap=0.30; city_match; postal_match; within_india_bounds
"Regional Office, KARNAL",KARNAL,Haryana,"Bhavishyanidhi Bhawan,SCO-5-8, Sector 12,, (New Mini Secretariat), (HR), Karnal - 132 001",Karnal - 132 001,,,29.695115,76.969829,very_low,0.228,nominatim,city_only,"Karnal - 132 001, India",string_similarity=0.37; token_overlap=0.08; city_mismatch; postal_unavailable; within_india_bounds
"District Office, D.O - AMBALA",D.O - AMBALA,Haryana,"Complex No. AMC No. 2043/1, Block-10,, Chandigarh Road, Naraingarh Chowk Crossing, Baldev Nagar,, Ambala City - 134003",Ambala City,,134003,30.378075,76.764645,very_low,0.341,nominatim,city_only,"Ambala City, India",string_similarity=0.18; token_overlap=0.19; city_match; postal_missing; within_india_bounds
"District Office, D.O - PANIPAT",D.O - PANIPAT,Haryana,"EPFO, Property No. 728 P,, Ground Floor, Sector-6, HUDA,, Panipat - 132103",Panipat,,132103,29.389518,76.969089,low,0.48,nominatim,postal_code,"132103, India",string_similarity=0.23; token_overlap=0.20; city_match; postal_match; within_india_bounds
"District Office, D.O - SONIPAT",D.O - SONIPAT,Haryana,"EPFO, Complex No. Ist Floor at R’square,, Above Canara Bank, Agarsain Chowk,, Sonipat - 131001",Sonipat,,131001,28.995376,77.023363,low,0.476,nominatim,city_only,"Sonipat, India",string_similarity=0.24; token_overlap=0.17; city_match; postal_match; within_india_bounds
"District Office, D.O - YAMUNANAGAR",D.O - YAMUNANAGAR,Haryana,"EPFO, Plot No. 2496 Ist Floor,, Ambala Highway Road, Above Dena Bank, Jagadhari,, Yamuna Nagar - 135003",Yamuna Nagar,,135003,30.165864,77.3136,very_low,0.335,nominatim,postal_code,"135003, India",string_similarity=0.34; token_overlap=0.07; city_mismatch; postal_match; within_india_bounds
"Regional Office, ROHTAK",ROHTAK,Haryana,"Rohtak Bhavishya Nidhi Bhawan, Plot no.1, Institutional Area, Sector-3, Opp. The little Shri School,(HR), Rohtak - 1240001",Rohtak - 1240001,,,28.90109,76.580193,very_low,0.192,nominatim,city_only,"Rohtak - 1240001, India",string_similarity=0.28; token_overlap=0.06; city_mismatch; postal_unavailable; within_india_bounds
"District Office, D.O - HISAR",D.O - HISAR,Haryana,"122, Devodas Complex, MC/DC Colony Morh,, Delhi Road, HISAR - 125005",Hisar,,125005,29.196746,75.638342,low,0.522,nominatim,postal_code,"125005, India",string_similarity=0.33; token_overlap=0.22; city_match; postal_match; within_india_bounds
"Office of the Addl. Central Provident Fund Commissioner, ORISSA (BHUBANESWAR)",ORISSA (BHUBANESWAR),Orissa,"Bhavishyanidhi Bhawan,Unit-9,, Janpath, (Orissa), Bhubaneshwar - 751 022.",Bhubaneshwar - 751 022.,,,20.260296,85.839452,very_low,0.19,photon,city_only,"Bhubaneshwar - 751 022., India",string_similarity=0.24; token_overlap=0.11; city_mismatch; postal_unavailable; within_india_bounds
"Regional Office, BRAHMAPUR",BRAHMAPUR,Orissa,"1st Floor,PAN Complex,Near Payel Talkies,, New Bus Stand Road,Dist. Ganjam, Odisha, Brahmapur - 760 001",Brahmapur - 760 001,,,19.309813,84.797156,very_low,0.272,nominatim,city_only,"Brahmapur - 760 001, India",string_similarity=0.42; token_overlap=0.18; city_mismatch; postal_unavailable; within_india_bounds
"District Office, D.O - RAYAGADA",D.O - RAYAGADA,Orissa,"Indira Nagar 1st Line,, Near Hotel Tejaswi International, Rayagada - 765001",Rayagada,,765001,19.162853,83.435202,low,0.516,nominatim,postal_code,"765001, India",string_similarity=0.33; token_overlap=0.20; city_match; postal_match; within_india_bounds
"Regional Office, BHUBANESHWAR",BHUBANESHWAR,Orissa,"Regional Office, Bhubneshwar, Janpath, (Orissa), Bhubaneshwar - 751 022",Bhubaneshwar - 751 022,,,20.360544,85.82864,very_low,0.344,photon,full_address,"Regional Office, BHUBANESHWAR, Regional Office, Bhubneshwar, Janpath, (Orissa), Bhubaneshwar - 751 022",string_similarity=0.58; token_overlap=0.25; city_mismatch; postal_unavailable; within_india_bounds
"District Office, D.O - CUTTACK",D.O - CUTTACK,Orissa,"AT - Government Bus Stand, Ist Floor,, Badambadi, PO-Talatelenga Bazar,, Cuttack, Odisha, - 753009","Cuttack, Odisha",,753009,20.458652,85.876488,low,0.543,nominatim,postal_code,"753009, India",string_similarity=0.36; token_overlap=0.27; city_match; postal_match; within_india_bounds
"District Office, D.O - BALASORE",D.O - BALASORE,Orissa,"Near ITI Square,, I.G. Marg,, Balasore,Odisha - 756001","Balasore,Odisha",,756001,21.500642,86.919884,low,0.478,nominatim,city_only,"Balasore,Odisha, India",string_similarity=0.49; token_overlap=0.43; city_mismatch; postal_match; within_india_bounds
"Regional Office, KEONJHAR",KEONJHAR,Orissa,"Bhavishyanidhi Bhawan, NH-49, Tikaragumara, Keonjhar - 758002",Keonjhar,,758002,21.5,85.5,very_low,0.367,nominatim,city_only,"Keonjhar, India",string_similarity=0.27; token_overlap=0.17; city_match; postal_missing; within_india_bounds
"District Office, D.O - BARBIL",D.O - BARBIL,Orissa,"EPFO, AT/PO - Matkambada,, Kalinga Nagar,, Barbil - 758035",Barbil,,758035,22.104861,85.369045,low,0.546,nominatim,city_only,"Barbil, India",string_similarity=0.32; token_overlap=0.33; city_match; postal_match; within_india_bounds
"Regional Office, ROURKELA",ROURKELA,Orissa,"Bhavishyanidhi Bhawan, Panposh Road, (Orissa), Rourkela - 769012",Rourkela,,769012,22.230926,84.86787,very_low,0.352,nominatim,city_only,"Rourkela, India",string_similarity=0.25; token_overlap=0.14; city_match; postal_missing; within_india_bounds
"District Office, D.O - SAMBALPUR",D.O - SAMBALPUR,Orissa,"Shivom Colony, Behind Income Tax Office, Ainthapali, Sambalpur - 768004","Ainthapali, Sambalpur",,768004,21.508338,83.991816,low,0.436,nominatim,city_only,"Ainthapali, Sambalpur, India",string_similarity=0.43; token_overlap=0.22; city_match; postal_missing; within_india_bounds
"Office of the Addl. Central Provident Fund Commissioner, TELANGANA (HYDERABAD)",TELANGANA (HYDERABAD),Telangana,"Bhavishya Nidhi Bhawan, Opposite Begumpet Railway Station,, Brahmanwadi, Begumpet, Hyderabad,Telangana - 500016","Hyderabad,Telangana",Telangana,500016,17.437999,78.455861,low,0.522,nominatim,postal_code,"500016, India",string_similarity=0.38; token_overlap=0.27; city_mismatch; state_match; postal_match; within_india_bounds
"Regional Office, BANJARA HILLS",BANJARA HILLS,Telangana,"Opp. Begumpet Railway Station,, Brahmanwadi, Begumpet, HYDERABAD - 500016",Hyderabad,,500016,17.437999,78.455861,low,0.536,nominatim,postal_code,"500016, India",string_similarity=0.33; token_overlap=0.29; city_match; postal_match; within_india_bounds
"Regional Office, HYDERABAD (BARKATPURA)",HYDERABAD (BARKATPURA),Telangana,"Bhavishyanidhi Bhawan, No. 3-4-763,, Barkatpura Chaman, (Telangana), Hyderabad - 500027",Hyderabad,,500027,17.394392,78.494502,low,0.521,nominatim,postal_code,"500027, India",string_similarity=0.27; token_overlap=0.30; city_match; postal_match; within_india_bounds
"Regional Office, HYDERABAD (MADHAPUR)",HYDERABAD (MADHAPUR),Telangana,"Bhavishyanidhi Bhawan, No. 3-4-763,, Barkatpura Chaman, (Telangana), HYDERABAD - 500 027.",Hyderabad - 500 027.,,,17.392422,78.467596,very_low,0.172,photon,city_only,"Hyderabad - 500 027., India",string_similarity=0.20; token_overlap=0.09; city_mismatch; postal_unavailable; within_india_bounds
"Regional Office, KUKATPALLI",KUKATPALLI,Telangana,"Prashanti Nagar, TSRTC Bus Complex,, 1st and 2nd Floor, Near 'Y' Junction, KUKATPALLI - 500018",Kukatpalli,Telangana,500018,17.4734487,78.4267654,high,1,google_maps,exact_place,"EPFO, near Y Junction behind TSRTC Prashanti Nagar Bus Complex",official_address_match; exact_place_match; postal_match; within_india_bounds
"Regional Office, KARIMNAGAR",KARIMNAGAR,Telangana,"Bhavishyanidhi Bhawan,2-7-271/A,, Behind RTC Bus Stand, Mukarampura,, Karimnagar - 505 001.",Karimnagar - 505 001.,,,18.434812,79.132804,very_low,0.21,nominatim,city_only,"Karimnagar - 505 001., India",string_similarity=0.32; token_overlap=0.08; city_mismatch; postal_unavailable; within_india_bounds
"District Office, D.O - ADILABAD",D.O - ADILABAD,Telangana,"H.No: 5-7-100/5,, 2nd Floor, Doctors Lane, Budavarpet,, District: NIRMAL, Telangana State. - 504106","District: Nirmal, Telangana State.",,504106,19.099602,78.34365,very_low,0.397,nominatim,postal_code,"504106, India",string_similarity=0.40; token_overlap=0.23; city_mismatch; postal_match; within_india_bounds
"Regional Office, NIZAMABAD",NIZAMABAD,Telangana,"Bhavishyanidhi Bhawan,, Nyalkal Road, (Telangana), Nizamabad - 503 001",Nizamabad - 503 001,,,18.673269,78.097848,very_low,0.263,nominatim,city_only,"Nizamabad - 503 001, India",string_similarity=0.34; token_overlap=0.25; city_mismatch; postal_unavailable; within_india_bounds
"Regional Office, PATANCHERU",PATANCHERU,Telangana,"H.No.12-1, First Floor,, Susheeram Complex, Sangareddy District, Patancheru - 502 319",Patancheru - 502 319,,,17.528609,78.267425,very_low,0.246,nominatim,city_only,"Patancheru - 502 319, India",string_similarity=0.34; token_overlap=0.18; city_mismatch; postal_unavailable; within_india_bounds
"Regional Office, SIDDIPET",SIDDIPET,Telangana,"Bhavishya Nidhi Bhawan,19-25/1/1, Hyderabad Road,, Prasanth Nagar, Siddipet - 502103",Siddipet,,502103,18.102792,78.84492,low,0.456,nominatim,postal_code,"502103, India",string_similarity=0.18; token_overlap=0.17; city_match; postal_match; within_india_bounds
"Regional Office, WARANGAL",WARANGAL,Telangana,"Bhavishyanidhi Bhawan,24-7-207/15,, 100' Darga Road,Kazipet,, Warangal - 506004",Warangal,Telangana,506004,17.9851742,79.5369873,high,1,google_maps,exact_place,"EPF Office Warangal, Revenue Colony near NIT",official_address_area_match; exact_place_match; postal_match; within_india_bounds
"District Office, D.O - KHAMMAM",D.O - KHAMMAM,Telangana,"EPFO, District Office, Old Municipal Office Complex, Railway Station Road, Khammam - 507001",Khammam,,507001,17.253824,80.11896,low,0.448,nominatim,postal_code,"507001, India",string_similarity=0.15; token_overlap=0.18; city_match; postal_match; within_india_bounds
"Office of the Addl. Central Provident Fund Commissioner, ANDHRA PRADESH (VIJAYAWADA)",ANDHRA PRADESH (VIJAYAWADA),Andhra Pradesh,"D.No.26-4-16,17, 2nd Floor, Gnanolive Street, Gandhi Nagar, Vijaywada - 520003",Vijaywada,Andhra Pradesh,520003,16.522721,80.630473,low,0.415,nominatim,postal_code,"520003, India",string_similarity=0.21; token_overlap=0.08; city_mismatch; state_match; postal_match; within_india_bounds
"Regional Office, KADAPA",KADAPA,Andhra Pradesh,"Bhavishyanidhi Bhawan, 1/30, Railway Station Road,, Yerramukkapalli,, Kadapa - 516 004",Kadapa - 516 004,,,14.451567,78.829278,very_low,0.191,nominatim,city_only,"Kadapa - 516 004, India",string_similarity=0.25; token_overlap=0.09; city_mismatch; postal_unavailable; within_india_bounds
"District Office, D.O - ANANTAPUR",D.O - ANANTAPUR,Andhra Pradesh,"13-2-794,ANANTAPUR CO.OP STORES BUILDING,, OPP.RLY FEEDER ROAD,SRINIVASA NAGAR,NEAR ANANTAPUR RLY STATION,, ANANTAPUR - 515001",Anantapur,,515001,14.673444,77.60027,low,0.442,nominatim,postal_code,"515001, India",string_similarity=0.17; token_overlap=0.13; city_match; postal_match; within_india_bounds
"District Office, D.O - KURNOOL",D.O - KURNOOL,Andhra Pradesh,"45-24 J,, Ashok Nagar,, Kurnool - 518005",Kurnool,,518005,15.838532,78.029319,low,0.541,nominatim,postal_code,"518005, India",string_similarity=0.31; token_overlap=0.33; city_match; postal_match; within_india_bounds
"District Office, D.O - NELLORE",D.O - NELLORE,Andhra Pradesh,"D. No. 16-7-168, 3rd Street,, Ramamurthy Nagar,, Nellore - 524002",Nellore,,524002,14.460724,79.988215,low,0.554,maps_co,postal_code,"524002, India",string_similarity=0.42; token_overlap=0.22; city_match; postal_match; within_india_bounds
"District Office, D.O - TIRUPATI",D.O - TIRUPATI,Andhra Pradesh,"R.NO.11,SRIDEVI COMPLEX,, TILAK ROAD,, Tirupati - 527502",Tirupati,,527502,13.63551,79.41989,very_low,0.374,open_meteo,city_only,"Tirupati, India",string_similarity=0.31; token_overlap=0.14; city_match; postal_missing; within_india_bounds
"Regional Office, GUNTUR",GUNTUR,Andhra Pradesh,"Bhavishyanidhi Bhawan, Krishna Nagar,, 3rd Lane,, Guntur - 522 006",Guntur - 522 006,,,16.446245,80.580132,very_low,0.189,nominatim,city_only,"Guntur - 522 006, India",string_similarity=0.23; token_overlap=0.11; city_mismatch; postal_unavailable; within_india_bounds
"District Office, D.O - ONGOLE",D.O - ONGOLE,Andhra Pradesh,"5-86-6/1,FIRST FLOOR, OPP.OLD ZILLA PARISHAD,RAMNAGAR 12TH LANE, ONGOLE - 523001",Ongole,,523001,15.504069,80.04304,low,0.445,nominatim,postal_code,"523001, India",string_similarity=0.18; token_overlap=0.13; city_match; postal_match; within_india_bounds
"District Office, D.O - VIJAYAWADA",D.O - VIJAYAWADA,Andhra Pradesh,"ANNADANA SAMAJAM ROAD,, OPP.SUB STATION(APSPDCL),, Vijayawada - 520 002",Vijayawada - 520 002,,,16.511531,80.616047,very_low,0.223,nominatim,city_only,"Vijayawada - 520 002, India",string_similarity=0.34; token_overlap=0.10; city_mismatch; postal_unavailable; within_india_bounds
"Regional Office, RAJAMAHENDRAVARAM",RAJAMAHENDRAVARAM,Andhra Pradesh,"BHAVISHYANIDHI BHAWAN, V.L.Puram, MORAMPUDI JUNCTION, RAJAMAHENDRAVARAM - 533107",Rajamahendravaram,,533107,16.993043,81.776772,low,0.417,photon,postal_code,"533107, India",string_similarity=0.43; token_overlap=0.14; city_match; postal_missing; within_india_bounds
"District Office, D.O - BHIMAVARAM",D.O - BHIMAVARAM,Andhra Pradesh,"Building of BSNL Customer Relation Centre,, Nachu Vari Street, Gunupudi, BHIMAVARAM - 534201",Bhimavaram,,534201,16.541592,81.53336,low,0.462,nominatim,postal_code,"534201, India",string_similarity=0.19; token_overlap=0.18; city_match; postal_match; within_india_bounds
"District Office, D.O - ELURU",D.O - ELURU,Andhra Pradesh,"BSNL Bhawan Ground Floor, Near Jute Mill, GNT Road, Eluru - 534002",Eluru,,534002,16.713667,81.10129,low,0.479,nominatim,postal_code,"534002, India",string_similarity=0.24; token_overlap=0.18; city_match; postal_match; within_india_bounds
"District Office, D.O - KAKINADA",D.O - KAKINADA,Andhra Pradesh,"69-7-7/3,Vegulla Papayya Street, Besides Krushi Bhawan (Opp. Boat Club), Kakinada (East Godavari District) - 533003",Kakinada (East Godavari District),,533003,16.973601,82.224028,very_low,0.319,nominatim,postal_code,"533003, India",string_similarity=0.26; token_overlap=0.12; city_mismatch; postal_match; within_india_bounds
"Regional Office, VISAKHAPATNAM",VISAKHAPATNAM,Andhra Pradesh,"Regional Office, Marripalem VUDA Layout,, NAD Post,, Visakhapatnam - 530 009",Visakhapatnam - 530 009,,,17.741428,83.245449,very_low,0.287,nominatim,city_only,"Visakhapatnam - 530 009, India",string_similarity=0.45; token_overlap=0.20; city_mismatch; postal_unavailable; within_india_bounds
"District Office, D.O - SRIKAKULAM",D.O - SRIKAKULAM,Andhra Pradesh,"2-1-15/2, RIMS Hospital Junction, Balaga,, Srikakulam - 532001",Srikakulam,,532001,18.294931,83.893884,low,0.552,nominatim,city_only,"Srikakulam, India",string_similarity=0.42; token_overlap=0.22; city_match; postal_match; within_india_bounds
"District Office, D.O - VIZIANAGARAM",D.O - VIZIANAGARAM,Andhra Pradesh,"Door No. 8-12-64, Beside Himagiri Theatre, SP Bunglow Road,, Vizianagaram - 535003",Vizianagaram,,535003,18.11052,83.391579,low,0.507,maps_co,postal_code,"535003, India",string_similarity=0.32; token_overlap=0.18; city_match; postal_match; within_india_bounds
"Office of the Addl. Central Provident Fund Commissioner, GUJARAT (AHMEDABAD)",GUJARAT (AHMEDABAD),Gujarat,"Bhavishyanidhi Bhawan, Near Income Tax Circle, Ashram Road (Gujarat), Ahmedabad - 380 014.",Ahmedabad - 380 014.,Gujarat,,23.021537,72.580057,very_low,0.333,nominatim,city_state,"Ahmedabad - 380 014., Gujarat, India",string_similarity=0.26; token_overlap=0.17; city_mismatch; state_match; postal_unavailable; within_india_bounds
"Regional Office, AHMEDABAD",AHMEDABAD,Gujarat,"Bhavishyanidhi Bhawan, Near Income Tax Circle, Ashram Road (Gujarat), Ahmedabad - 380 014",Ahmedabad - 380 014,,,23.021537,72.580057,very_low,0.213,nominatim,city_only,"Ahmedabad - 380 014, India",string_similarity=0.26; token_overlap=0.17; city_mismatch; postal_unavailable; within_india_bounds
"Regional Office, VADODARA",VADODARA,Gujarat,"Bhavishyanidhi Bhawan, B/H VMC Ward-6 Office,, Akota Stadium Road, Akota,, Vadodara - 390020",Vadodara,,390020,22.296869,73.170538,low,0.453,nominatim,postal_code,"390020, India",string_similarity=0.16; token_overlap=0.18; city_match; postal_match; within_india_bounds
"Regional Office, BHARUCH",BHARUCH,Gujarat,"2nd & 3rd Floor,Blue Chip Commercial Complex,, Sevashram Road,Near Panch Batti, (Gujarat), Bharuch - 392001",Bharuch,,392001,21.705317,72.990634,low,0.473,nominatim,postal_code,"392001, India",string_similarity=0.21; token_overlap=0.20; city_match; postal_match; within_india_bounds
"Regional Office, NARODA",NARODA,Gujarat,"Shankar Vijay Saw Mill Compound,, Near G.D. High School Bus Stop, Saijpur Bogha, Naroda Road, (Gujarat), NARODA - 382 345",Naroda - 382 345,,,23.066299,72.666182,very_low,0.264,nominatim,city_only,"Naroda - 382 345, India",string_similarity=0.40; token_overlap=0.18; city_mismatch; postal_unavailable; within_india_bounds
"District Office, D.O - HIMMATNAGAR",D.O - HIMMATNAGAR,Gujarat,"3rd Floor, Sankalp Complex, Above New India Assurance Company, Polytechnic Cross Road, Motipura, N.H. 8, Himmatnagar, Dist Sabarkantha - 383001",Dist Sabarkantha,,383001,23.594751,72.968061,very_low,0.349,nominatim,postal_code,"383001, India",string_similarity=0.31; token_overlap=0.17; city_mismatch; postal_match; within_india_bounds
"District Office, D.O - MEHSANA",D.O - MEHSANA,Gujarat,"First Floor,Samarpan Shopping Complex,, Near Radhanpur Char Rasta, Highway Road,, Mehsana - 384 001.",Mehsana - 384 001.,,,23.601263,72.374152,very_low,0.211,nominatim,city_only,"Mehsana - 384 001., India",string_similarity=0.27; token_overlap=0.14; city_mismatch; postal_unavailable; within_india_bounds
"Regional Office, RAJKOT",RAJKOT,Gujarat,"Bhavishyanidhi Bhawan, Panchayat Nagar Chowk,, University Road (Gujarat), Rajkot - 360 005",Rajkot - 360 005,,,22.372725,70.745617,very_low,0.253,nominatim,city_only,"Rajkot - 360 005, India",string_similarity=0.30; token_overlap=0.27; city_mismatch; postal_unavailable; within_india_bounds
"District Office, D.O - GANDHIDHAM",D.O - GANDHIDHAM,Gujarat,"Plot No. 251,252, Ward 4A,, Vandana Circle, Rambaug Road, Adipur, Taluka Gandhidham, Kutch - 370205",Kutch,,370205,23.059869,70.082076,very_low,0.366,maps_co,postal_code,"370205, India",string_similarity=0.31; token_overlap=0.23; city_mismatch; postal_match; within_india_bounds
"District Office, D.O - JAMNAGAR",D.O - JAMNAGAR,Gujarat,"403-404, 4th Floor, Swagat Complex,, Opp. Regency Hotel, Pandit Nehru Marg,, Jamnagar - 361006",Jamnagar,,361006,22.454397,70.039267,low,0.474,nominatim,postal_code,"361006, India",string_similarity=0.25; token_overlap=0.14; city_match; postal_match; within_india_bounds
"District Office, D.O - JUNAGADH",D.O - JUNAGADH,Gujarat,"Office No. 201 to 204, 2nd Floor, Crystal Complex,, Chitakhana Chowk, M. G. Road, Junagadh - 362002",Junagadh,,362002,21.534357,70.436369,low,0.463,nominatim,postal_code,"362002, India",string_similarity=0.20; token_overlap=0.17; city_match; postal_match; within_india_bounds
"District Office, D.O - SURENDRANAGAR",D.O - SURENDRANAGAR,Gujarat,"Sant Svaiyanath Circle,, Beside State Bank of India, 80 Feet Road,, Surendranagar - 363030",Surendranagar,,363030,22.733201,71.701878,low,0.525,nominatim,postal_code,"363030, India",string_similarity=0.32; token_overlap=0.25; city_match; postal_match; within_india_bounds
"Regional Office, SURAT",SURAT,Gujarat,"Bhavishyanidhi Bhawan,, Ghod Dod Road, Ram Chowk,, Surat - 395001",Surat,,395001,21.182129,72.819188,low,0.473,nominatim,postal_code,"395001, India",string_similarity=0.19; token_overlap=0.22; city_match; postal_match; within_india_bounds
"Regional Office, VAPI",VAPI,Gujarat,"CM- 8/5, Snehdeep Commercial Complex,, NH-8, G.I.D.C, Gunjan,, Vapi - 396195",Vapi,,396195,20.364474,72.926303,low,0.465,nominatim,postal_code,"396195, India",string_similarity=0.15; token_overlap=0.25; city_match; postal_match; within_india_bounds
"Regional Office, VATWA",VATWA,Gujarat,"3rd & 4th floor, Satyam Shivam Sunderam Tower,, Opposite Maninagar Railway Station, Maninagar, VATWA - 380 008.",Vatwa - 380 008.,,,22.993897,72.604083,very_low,0.237,nominatim,city_only,"Vatwa - 380 008., India",string_similarity=0.35; token_overlap=0.14; city_mismatch; postal_unavailable; within_india_bounds
"District Office, D.O - BHAVNAGAR",D.O - BHAVNAGAR,Gujarat,"Shop No.115 & 116, Samved Complex, Opp Dist. Jail, Bhavnagar - 364 001",Bhavnagar - 364 001,,,21.771884,72.141645,very_low,0.225,nominatim,city_only,"Bhavnagar - 364 001, India",string_similarity=0.35; token_overlap=0.09; city_mismatch; postal_unavailable; within_india_bounds
"District Office, D.O - NADIAD",D.O - NADIAD,Gujarat,"3 & 4 Shivalik Complex, Nr. Railway Crossing, Petlad Road, Nr post Office, Nadiad - 387 001",Nadiad - 387 001,,,22.689553,72.87136,very_low,0.165,nominatim,city_only,"Nadiad - 387 001, India",string_similarity=0.19; token_overlap=0.08; city_mismatch; postal_unavailable; within_india_bounds
"Office of the Addl. Central Provident Fund Commissioner, MADHYA PRADESH & CHATTISGARH (BHOPAL)",MADHYA PRADESH & CHATTISGARH (BHOPAL),Madhya Pradesh & Chhattisgarh,"Bhavishyanidhi Bhawan,, 59-Arera Hills, (M.P.), Bhopal - 462 011",Bhopal - 462 011,,,23.240489,77.425199,very_low,0.305,photon,full_address,"Bhavishyanidhi Bhawan,, 59-Arera Hills, (M.P.), Bhopal - 462 011",string_similarity=0.46; token_overlap=0.25; city_mismatch; postal_unavailable; within_india_bounds
"Regional Office, RAIPUR (CHATTISGARH)",RAIPUR (CHATTISGARH),Madhya Pradesh & Chhattisgarh,"D-Block, Scheme No. 32,, Indira Gandhi Commercial Complex,, Pandri, Raipur - 492 004",Raipur - 492 004,,,21.238091,81.633699,very_low,0.191,nominatim,city_only,"Raipur - 492 004, India",string_similarity=0.25; token_overlap=0.09; city_mismatch; postal_unavailable; within_india_bounds
"District Office, D.O - BILASPUR",D.O - BILASPUR,Madhya Pradesh & Chhattisgarh,"Ground Floor, BSNL Office Building,, Near Agrasen Chowk, Telipara,, Bilaspur - 495001",Bilaspur,,495001,22.074822,82.134088,low,0.456,nominatim,postal_code,"495001, India",string_similarity=0.17; token_overlap=0.18; city_match; postal_match; within_india_bounds
"Regional Office, BHOPAL",BHOPAL,Madhya Pradesh & Chhattisgarh,"Bhavishyanidhi Bhawan,, 59-Arera Hills, (M.P.), Bhopal - 462 011",Bhopal - 462 011,,,23.240489,77.425199,very_low,0.305,photon,full_address,"Bhavishyanidhi Bhawan,, 59-Arera Hills, (M.P.), Bhopal - 462 011",string_similarity=0.46; token_overlap=0.25; city_mismatch; postal_unavailable; within_india_bounds
"District Office, D.O - ITARASI",D.O - ITARASI,Madhya Pradesh & Chhattisgarh,"Hall No. 104, 1st Floor, BSNL Compound,, Gandhi Nagar,, Itarsi - 461111",Itarsi,,461111,22.574952,77.779428,low,0.48,nominatim,postal_code,"461111, India",string_similarity=0.23; token_overlap=0.20; city_match; postal_match; within_india_bounds
"Regional Office, GWALIOR",GWALIOR,Madhya Pradesh & Chhattisgarh,"Bhavishya NidhiBhawan Near Inter-State Bus Terminal (1SBT),, Morena Link Road, Gwalior (MP, Gwalior - 474005",Gwalior,,474005,26.231609,78.20965,low,0.476,nominatim,postal_code,"474005, India",string_similarity=0.25; token_overlap=0.15; city_match; postal_match; within_india_bounds
"Regional Office, INDORE",INDORE,Madhya Pradesh & Chhattisgarh,"6th-9th Floor, Pradhikaran Bhawan,, 7, Race Course Road, (M.P.), Indore - 452 003",Indore - 452 003,,,22.7559,75.844025,very_low,0.193,nominatim,city_only,"Indore - 452 003, India",string_similarity=0.26; token_overlap=0.08; city_mismatch; postal_unavailable; within_india_bounds
"District Office, D.O - DHAR",D.O - DHAR,Madhya Pradesh & Chhattisgarh,"Employees Provident Fund Organization,, First Floor, BSNL Building, Near Power House, Sector 1,, Pithampur, District Dhar(M.P.) - 454775","Pithampur, District Dhar(M.P.)",,454775,22.609522,75.679664,very_low,0.325,nominatim,postal_code,"454775, India",string_similarity=0.23; token_overlap=0.18; city_mismatch; postal_match; within_india_bounds
"District Office, D.O - KHANDWA",D.O - KHANDWA,Madhya Pradesh & Chhattisgarh,"Bapu Sadan, Anand Nagar Main Road, (Infront of Agrawal Dairy), Khandwa(M.P.) - 450 001",Khandwa(M.P.) - 450 001,,,21.820375,76.355542,very_low,0.157,photon,city_only,"Khandwa(M.P.) - 450 001, India",string_similarity=0.16; token_overlap=0.08; city_mismatch; postal_unavailable; within_india_bounds
"Regional Office, JABALPUR",JABALPUR,Madhya Pradesh & Chhattisgarh,"Scheme No.5, Krishi Upaj Mandi Area,, Vijay Nagar (M.P), Jabalpur - 482 002",Jabalpur - 482 002,,,23.18208,79.926145,very_low,0.314,nominatim,city_only,"Jabalpur - 482 002, India",string_similarity=0.48; token_overlap=0.27; city_mismatch; postal_unavailable; within_india_bounds
"District Office, D.O - CHHINDWARA",D.O - CHHINDWARA,Madhya Pradesh & Chhattisgarh,"Madhuban Colony, Gali No. 3, V.I.P. Road, Chhindwara - 480001",Chhindwara,,480001,22.045102,78.969384,low,0.51,nominatim,postal_code,"480001, India",string_similarity=0.25; token_overlap=0.29; city_match; postal_match; within_india_bounds
"District Office, D.O - SATNA",D.O - SATNA,Madhya Pradesh & Chhattisgarh,"1st Floor, T R Tower, Gali No. 16, Rajendra Nagar, Satna - 485001",Satna,,485001,24.583047,80.850528,low,0.456,nominatim,postal_code,"485001, India",string_similarity=0.14; token_overlap=0.22; city_match; postal_match; within_india_bounds
"Regional Office, SAGAR",SAGAR,Madhya Pradesh & Chhattisgarh,"10, Civil Line,, (MP), Sagar - 470 001",Sagar - 470 001,,,23.840866,78.762165,very_low,0.363,photon,full_address,"10, Civil Line,, (MP), Sagar - 470 001",string_similarity=0.57; token_overlap=0.33; city_mismatch; postal_unavailable; within_india_bounds
"Regional Office, UJJAIN",UJJAIN,Madhya Pradesh & Chhattisgarh,"7, Bharatpuri, Administrative Area, (M.P)., Ujjain - 456 010",Ujjain - 456 010,,,23.188513,75.771656,very_low,0.217,nominatim,city_only,"Ujjain - 456 010, India",string_similarity=0.29; token_overlap=0.14; city_mismatch; postal_unavailable; within_india_bounds
"District Office, D.O - RATLAM",D.O - RATLAM,Madhya Pradesh & Chhattisgarh,"First Floor, Office Complex BSNL,, Kasturba Nagar, Ratlam - 457001",Ratlam,,457001,23.322741,75.030595,low,0.502,nominatim,postal_code,"457001, India",string_similarity=0.20; token_overlap=0.33; city_match; postal_match; within_india_bounds
"Office of the Addl. Central Provident Fund Commissioner, BANDRA",BANDRA,Mumbai - Bandra,"341, Bhavishya Nidhi Bhawan,, Bandra (East),, MUMBAI-I (BANDRA) - 400 051",Mumbai-I (Bandra) - 400 051,,,19.067724,72.864846,very_low,0.229,photon,city_only,"Mumbai-I (Bandra) - 400 051, India",string_similarity=0.35; token_overlap=0.11; city_mismatch; postal_unavailable; within_india_bounds
"Regional Office, MUMBAI(BANDRA)",MUMBAI(BANDRA),Mumbai - Bandra,"341, Bhavishya Nidhi Bhawan,, Bandra (East),, MUMBAI-I (BANDRA) - 400 051",Mumbai-I (Bandra) - 400 051,,,19.067724,72.864846,very_low,0.229,photon,city_only,"Mumbai-I (Bandra) - 400 051, India",string_similarity=0.35; token_overlap=0.11; city_mismatch; postal_unavailable; within_india_bounds
"Regional Office, MUMBAI(DADAR)",MUMBAI(DADAR),Mumbai - Bandra,"341, Bhavishya Nidhi Bhawan,, Bandra (East),, MUMBAI-I (BANDRA) - 400 051",Mumbai-I (Bandra) - 400 051,,,19.067724,72.864846,very_low,0.229,photon,city_only,"Mumbai-I (Bandra) - 400 051, India",string_similarity=0.35; token_overlap=0.11; city_mismatch; postal_unavailable; within_india_bounds
"Regional Office, MUMBAI(NARIMAN POINT)",MUMBAI(NARIMAN POINT),Mumbai - Bandra,"341, Bhavishya Nidhi Bhawan,, Bandra (East),, MUMBAI-I (BANDRA) - 400 051",Mumbai-I (Bandra) - 400 051,,,19.067724,72.864846,very_low,0.229,photon,city_only,"Mumbai-I (Bandra) - 400 051, India",string_similarity=0.35; token_overlap=0.11; city_mismatch; postal_unavailable; within_india_bounds
"Regional Office, MUMBAI(POWAI)",MUMBAI(POWAI),Mumbai - Bandra,"341, Bhavishya Nidhi Bhawan,, Bandra (East),, MUMBAI-I (BANDRA) - 400 051",Mumbai-I (Bandra) - 400 051,,,19.067724,72.864846,very_low,0.229,photon,city_only,"Mumbai-I (Bandra) - 400 051, India",string_similarity=0.35; token_overlap=0.11; city_mismatch; postal_unavailable; within_india_bounds
"Regional Office, MUMBAI (FORT)",MUMBAI (FORT),Mumbai - Bandra,"341, Bhavishya Nidhi Bhawan,, Bandra (East),, MUMBAI-I (BANDRA) - 400051",Mumbai,,400051,19.050757,72.86217,low,0.546,nominatim,postal_code,"400051, India",string_similarity=0.38; token_overlap=0.25; city_match; postal_match; within_india_bounds
"Office of the Addl. Central Provident Fund Commissioner, THANE",THANE,Mumbai - Thane,"Vardan Commercial Complex, 6th Floor, M.I.D.C. Road No.16,Wagle Estate, (Maharashtra)., Thane - 400604.",Thane,,400604,19.192372,72.954113,low,0.497,nominatim,postal_code,"400604, India",string_similarity=0.24; token_overlap=0.25; city_match; postal_match; within_india_bounds
"Regional Office, KANDIVALI-West",KANDIVALI-West,Mumbai - Thane,"Bhavishya Nidhi Bhavan, Plot No.222, Sector No.3,, Charkop Market, Charkop Poisar Road,, (West), Kandivali - 400 067",Kandivali - 400 067,,,19.204114,72.851738,very_low,0.19,nominatim,city_only,"Kandivali - 400 067, India",string_similarity=0.27; token_overlap=0.07; city_mismatch; postal_unavailable; within_india_bounds
"Regional Office, KANDIVALI-East",KANDIVALI-East,Mumbai - Thane,"MTNL Telephone Exchange Building,4 to 7th floor,, Dr. Babasaheb Ambedkar Road, Charkop, Sector - 8, Kandivali - 400 067",Kandivali - 400 067,,,19.204114,72.851738,very_low,0.21,nominatim,city_only,"Kandivali - 400 067, India",string_similarity=0.28; token_overlap=0.12; city_mismatch; postal_unavailable; within_india_bounds
"Regional Office, THANE (MULUND)",THANE (MULUND),Mumbai - Thane,"Vardan Commercial Complex, 6th Floor, M.I.D.C. Road No.16,Wagle Estate, (Maharashtra)., Thane - 400604",Thane,,400604,19.192372,72.954113,low,0.498,nominatim,postal_code,"400604, India",string_similarity=0.24; token_overlap=0.25; city_match; postal_match; within_india_bounds
"Regional Office, THANE (NORTH)",THANE (NORTH),Mumbai - Thane,"Vardan Commercial Complex, 6th Floor, M.I.D.C. Road No.16,Wagle Estate, (Maharashtra)., Thane - 400604",Thane,,400604,19.192372,72.954113,low,0.498,nominatim,postal_code,"400604, India",string_similarity=0.24; token_overlap=0.25; city_match; postal_match; within_india_bounds
"Regional Office, THANE (SOUTH)",THANE (SOUTH),Mumbai - Thane,"Vardan Commercial Complex, 6th Floor, M.I.D.C. Road No.16,Wagle Estate, (Maharashtra)., Thane - 400604",Thane,,400604,19.192372,72.954113,low,0.498,nominatim,postal_code,"400604, India",string_similarity=0.24; token_overlap=0.25; city_match; postal_match; within_india_bounds
"Regional Office, VASHI (ANNEXE)",VASHI (ANNEXE),Mumbai - Thane,"Vashi, Annexe Premises (Belapur), D-101-106, 1st Floor,, ITC Tower No. 7, CBD Belapur Railway Station Complex,, Navi Mumbai - 400703",Navi Mumbai,,400703,19.077395,73.003411,low,0.457,nominatim,postal_code,"400703, India",string_similarity=0.19; token_overlap=0.17; city_match; postal_match; within_india_bounds
"Regional Office, VASHI",VASHI,Mumbai - Thane,"Tower No.6, 5th Floor,, Vashi Railway Station Complex, (Maharashtra)., Vashi - 400 703",Vashi - 400 703,,,19.063248,72.998797,very_low,0.3,nominatim,city_only,"Vashi - 400 703, India",string_similarity=0.43; token_overlap=0.27; city_mismatch; postal_unavailable; within_india_bounds
"Office of the Addl. Central Provident Fund Commissioner, NORTH-EASTERN REGION (GUWAHATI)",NORTH-EASTERN REGION (GUWAHATI),North Eastern Region,"Bhavishyanidhi Bhawan, G.S. Road,, Near Bharalu Bridge, Bhangagarh, (Assam), Guwahati - 781 005.",Guwahati - 781 005.,,,26.180598,91.753943,very_low,0.192,nominatim,city_only,"Guwahati - 781 005., India",string_similarity=0.19; token_overlap=0.18; city_mismatch; postal_unavailable; within_india_bounds
"Regional Office, AGARTALA",AGARTALA,North Eastern Region,"Airport Road, Near Bholagiri Ashram, Gorkha Basti, PO – Kathal Bagan, (Tripura), Agartala - 799 006",Agartala - 799 006,,,23.831238,91.282382,very_low,0.186,nominatim,city_only,"Agartala - 799 006, India",string_similarity=0.19; token_overlap=0.15; city_mismatch; postal_unavailable; within_india_bounds
"District Office, D.O - DHARMANAGAR",D.O - DHARMANAGAR,North Eastern Region,"District Office Dharmanagar, College Road, Nayapara, Dharmanagar - 799250",Dharmanagar,,799250,24.369978,92.169932,low,0.573,nominatim,city_only,"Dharmanagar, India",string_similarity=0.43; token_overlap=0.29; city_match; postal_match; within_india_bounds
"Regional Office, GUWAHATI",GUWAHATI,North Eastern Region,"Bhavishyanidhi Bhawan, G.S. Road, Near Bharalu Bridge,, Bhangagarh, (Assam), Guwahati - 781 005",Guwahati - 781 005,,,26.180598,91.753943,very_low,0.193,nominatim,city_only,"Guwahati - 781 005, India",string_similarity=0.19; token_overlap=0.18; city_mismatch; postal_unavailable; within_india_bounds
"District Office, D.O - SILCHAR",D.O - SILCHAR,North Eastern Region,"IInd Floor,Binoy Tower,, National Highway Point, Netaji Subhash Avenue,Silchar,, Dist:Cachar,Assam - 788005.","Dist:Cachar,Assam",,788005,24.809206,92.796501,very_low,0.383,nominatim,postal_code,"788005, India",string_similarity=0.33; token_overlap=0.27; city_mismatch; postal_match; within_india_bounds
"District Office, D.O - BONGAIGAON",D.O - BONGAIGAON,North Eastern Region,"Main Road,Borpara,, Bongaigaon,, Assam - 7883380.",Assam - 7883380.,,,27.486211,94.920892,very_low,0.325,maps_co,city_only,"Assam - 7883380., India",string_similarity=0.46; token_overlap=0.33; city_mismatch; postal_unavailable; within_india_bounds
"District Office, D.O - TEZPUR",D.O - TEZPUR,North Eastern Region,"Tribeni Complex,Kacharigaon,, Tezpur,, Assam - 784001.",Assam,,784001,26.618511,92.761718,medium,0.604,nominatim,postal_code,"784001, India",string_similarity=0.37; token_overlap=0.50; city_match; postal_match; within_india_bounds
"District Office, S.S.O - IMPHAL",S.S.O - IMPHAL,North Eastern Region,"Palace Compound,, Govindaji Mahabali Road,, Imphal East,Manipur - 795001.","Imphal East,Manipur",,795001,24.805671,93.938652,low,0.471,nominatim,postal_code,"795001, India",string_similarity=0.46; token_overlap=0.44; city_mismatch; postal_match; within_india_bounds
"District Office, S.S.O - DIMAPUR",S.S.O - DIMAPUR,North Eastern Region,"Half Nagarjan, High School Colony,, Near Hindi Training Institute, 1st Floor, H No 218,, Dimapur, Nagaland - 797112","Dimapur, Nagaland",,797112,25.876777,93.706556,low,0.508,nominatim,postal_code,"797112, India",string_similarity=0.31; token_overlap=0.20; city_match; postal_match; within_india_bounds
"District Office, S.S.O - ITANAGAR",S.S.O - ITANAGAR,North Eastern Region,"Arunachal Pradesh State Cooperative Union building, 1st Floor, Polo Colony, District Papum Pare, Naharlagun, Arunachal Pradesh - 791110",Arunachal Pradesh,,791110,27.102869,93.689671,low,0.568,nominatim,postal_code,"791110, India",string_similarity=0.34; token_overlap=0.40; city_match; postal_match; within_india_bounds
"Regional Office, SHILLONG",SHILLONG,North Eastern Region,"2nd Floor, BSNL Bhawan, Opposite Lady Hydari Park, Barik, Shillong, Meghalaya - 793 01",Meghalaya - 793 01,,,25.57237,91.889933,very_low,0.188,photon,city_only,"Meghalaya - 793 01, India",string_similarity=0.25; token_overlap=0.08; city_mismatch; postal_unavailable; within_india_bounds
"District Office, S.S.O - AIZAWL",S.S.O - AIZAWL,North Eastern Region,"Upper Republic, Aizawl, Mizoram - 796001",Mizoram,,796001,23.721319,92.71997,low,0.434,photon,full_address,"Upper Republic, Aizawl, Mizoram - 796001",string_similarity=0.58; token_overlap=0.60; city_mismatch; postal_missing; within_india_bounds
"Regional Office, TINSUKIA",TINSUKIA,North Eastern Region,"Amar complex, 2nd floor,, Hijuguri, AT Road, Tinsukia, Assam - 786125",Assam,,786125,27.490417,95.357358,low,0.568,nominatim,postal_code,"786125, India",string_similarity=0.38; token_overlap=0.33; city_match; postal_match; within_india_bounds
"District Office, D.O - JORHAT",D.O - JORHAT,North Eastern Region,"EPFO,Jail Road, Near Dhalarsatra Press,, Opposite Jail Road Club,, Jorhat,Assam - 785001","Jorhat,Assam",,785001,26.757793,94.207965,low,0.416,nominatim,city_only,"Jorhat,Assam, India",string_similarity=0.42; token_overlap=0.27; city_mismatch; postal_match; within_india_bounds
"Office of the Addl. Central Provident Fund Commissioner, WB, A&N ISLANDS & SIKKIM (KOLKATA)","WB, A&N ISLANDS & SIKKIM (KOLKATA)","West Bengal, Andaman & Nicobar and Sikkim","Office of the Addl. Central Provident Fund Commissioner, (West Bengal, NER), DK-Block, Sector-II,, Salt Lake City, Karunamoyee,, Kolkata - 700 091.",Kolkata - 700 091.,,,22.57532,88.360038,very_low,0.24,nominatim,city_only,"Kolkata - 700 091., India",string_similarity=0.31; token_overlap=0.21; city_mismatch; postal_unavailable; within_india_bounds
"Regional Office, PORT BLAIR",PORT BLAIR,"West Bengal, Andaman & Nicobar and Sikkim","Labour Commissioner’s Building (Ground Floor),, Post Box No. 11 (HPO), Supply Line, (Andaman & Nicobar Islands), Port Blair - 744101",Port Blair,,744101,11.664535,92.739045,medium,0.604,nominatim,city_only,"Port Blair, India",string_similarity=0.47; token_overlap=0.35; city_match; postal_match; within_india_bounds
"Regional Office, KOLKATA",KOLKATA,"West Bengal, Andaman & Nicobar and Sikkim","Bhavishyanidhi Bhawan, DK Block, Sector-II,, Salt Lake City,, Near Karunamoyee Bus Stop, (West Bengal), Kolkata - 700 091",Kolkata - 700 091,,,22.57532,88.360038,very_low,0.25,nominatim,city_only,"Kolkata - 700 091, India",string_similarity=0.35; token_overlap=0.19; city_mismatch; postal_unavailable; within_india_bounds
"Regional Office, DURGAPUR",DURGAPUR,"West Bengal, Andaman & Nicobar and Sikkim","Red Cross Road, Opposite Commercial Tax Office,, City Centre, Distt- Burdwan (West Bengal), Durgapur - 713216",Durgapur,,713216,23.535048,87.338043,low,0.402,nominatim,city_only,"Durgapur, India",string_similarity=0.35; token_overlap=0.20; city_match; postal_missing; within_india_bounds
"Regional Office, DARJEELING",DARJEELING,"West Bengal, Andaman & Nicobar and Sikkim","Chhota Kagjhora, Hill Cart Road,, P.O. & Dist. Darjeeling (WB), Darjeeling - 734101",Darjeeling,,734101,27.037755,88.263176,low,0.549,nominatim,city_only,"Darjeeling, India",string_similarity=0.39; token_overlap=0.25; city_match; postal_match; within_india_bounds
"Regional Office, HOWRAH (ANNEX BLDG)",HOWRAH (ANNEX BLDG),"West Bengal, Andaman & Nicobar and Sikkim","E.P.F Organisation,, 22, G.T. Road, 4th Floor,, Howrah - 711 101",Howrah - 711 101,,,22.582871,88.342811,very_low,0.223,photon,city_only,"Howrah - 711 101, India",string_similarity=0.32; token_overlap=0.12; city_mismatch; postal_unavailable; within_india_bounds
"District Office, D.O - SRIRAMPORE",D.O - SRIRAMPORE,"West Bengal, Andaman & Nicobar and Sikkim","27, LIBRARY ROAD, SERAMPORE, DT HOOGHLY - 712201",Dt Hooghly,,712201,22.753136,88.34338,low,0.426,nominatim,postal_code,"712201, India",string_similarity=0.41; token_overlap=0.33; city_mismatch; postal_match; within_india_bounds
"Regional Office, HOWRAH",HOWRAH,"West Bengal, Andaman & Nicobar and Sikkim","Bhavishyanidhi Bhawan,24 Bellilious Road, 6th Floor, West Bengal., Howrah - 711101",Howrah,,711101,22.597206,88.345957,low,0.568,nominatim,postal_code,"711101, India",string_similarity=0.36; token_overlap=0.36; city_match; postal_match; within_india_bounds
"District Office, D.O - MEDINIPUR",D.O - MEDINIPUR,"West Bengal, Andaman & Nicobar and Sikkim","C/O bala Brothers, Station Road, keranitola, Midnapore, West Midnapore - 711102",West Midnapore,,711102,22.567014,88.3223,very_low,0.355,nominatim,postal_code,"711102, India",string_similarity=0.27; token_overlap=0.25; city_mismatch; postal_match; within_india_bounds
"Regional Office, JALPAIGURI",JALPAIGURI,"West Bengal, Andaman & Nicobar and Sikkim","Bhavishyanidhi Bhawan,, Siliguri-Jalpaiguri Development Authority Building,, DinBazar, Post Office & Distt Jalpaiguri, (WB)., Jalpaiguri - 735 101",Jalpaiguri - 735 101,,,26.524159,88.719751,very_low,0.191,nominatim,city_only,"Jalpaiguri - 735 101, India",string_similarity=0.26; token_overlap=0.08; city_mismatch; postal_unavailable; within_india_bounds
"District Office, D.O - ALIPURDUAR",D.O - ALIPURDUAR,"West Bengal, Andaman & Nicobar and Sikkim","SUKANTA PALLY, NEW TOWN, P.O. & DIST.ALIPURDUAR, ALIPURDUAR - 736 121",Alipurduar - 736 121,,,26.485157,89.524693,very_low,0.272,nominatim,city_only,"Alipurduar - 736 121, India",string_similarity=0.46; token_overlap=0.12; city_mismatch; postal_unavailable; within_india_bounds
"District Office, D.O - MALBAZAR",D.O - MALBAZAR,"West Bengal, Andaman & Nicobar and Sikkim","South Colony, Ward No.9, Near R.R. School Ground ,, P.O. Malbazar, Dist-Jalpaiguri, JALPAIGURI - 735221",Jalpaiguri,,735221,26.860689,88.741546,low,0.513,nominatim,postal_code,"735221, India",string_similarity=0.34; token_overlap=0.18; city_match; postal_match; within_india_bounds
"Regional Office, JANGIPUR",JANGIPUR,"West Bengal, Andaman & Nicobar and Sikkim","SANCHARIKA BUILDING SWARANAMOYEE, STATION ROAD, NEAR MURSHIDABAD MEDICAL COLLEGE, Berhampore, District - Murshidabad (West Bengal) - 742101","Berhampore, District",,742101,24.093178,88.258694,low,0.429,nominatim,postal_code,"742101, India",string_similarity=0.40; token_overlap=0.36; city_mismatch; postal_match; within_india_bounds
"Regional Office, PARK STREET",PARK STREET,"West Bengal, Andaman & Nicobar and Sikkim","44 Park Street,, 7th & 8th Floor,Kolkata (West Bengal), PARK STREET - 700 016",Park Street - 700 016,,,22.551928,88.353439,low,0.4,nominatim,city_only,"Park Street - 700 016, India",string_similarity=0.59; token_overlap=0.45; city_mismatch; postal_unavailable; within_india_bounds
"Regional Office, SILIGURI",SILIGURI,"West Bengal, Andaman & Nicobar and Sikkim","Bhavishyanidhi Bhawan, Hill Cart Road,, P.O. Pradhan Nagar, Distt. Darjeeling(WB), Darjeeling - 734 003",Darjeeling - 734 003,,,27.037755,88.263176,very_low,0.215,nominatim,city_only,"Darjeeling - 734 003, India",string_similarity=0.32; token_overlap=0.09; city_mismatch; postal_unavailable; within_india_bounds
"District Office, SSO - GANGTOK",SSO - GANGTOK,"West Bengal, Andaman & Nicobar and Sikkim","Nying-re building, Near A.I.R. Quarters, Upper Arithang, GANGTOK - 737101",Gangtok,,737101,27.334681,88.609072,low,0.558,nominatim,postal_code,"737101, India",string_similarity=0.33; token_overlap=0.38; city_match; postal_match; within_india_bounds
"Regional Office, BARRACKPORE",BARRACKPORE,"West Bengal, Andaman & Nicobar and Sikkim","4(2), S. N. Banerjee Road,, Kolkata (West Bengal), BARRACKPORE - 700 120",Barrackpore - 700 120,,,22.574175,88.385045,very_low,0.285,photon,full_address,"4(2), S. N. Banerjee Road,, Kolkata (West Bengal), BARRACKPORE - 700 120",string_similarity=0.44; token_overlap=0.20; city_mismatch; postal_unavailable; within_india_bounds
"Office of the Addl. Central Provident Fund Commissioner, BENGALURU (BENGALURU)",BENGALURU (BENGALURU),Bengaluru,"Bengaluru Zone (Karnataka) Bhavishya Nidhi Bhavan,, No.13 Raja Ram Mohan Roy Road,, Bangalore - 560025",Bangalore,,560025,12.963021,77.603572,low,0.513,nominatim,postal_code,"560025, India",string_similarity=0.26; token_overlap=0.29; city_match; postal_match; within_india_bounds
"Regional Office, BENGALURU (CENTRAL)",BENGALURU (CENTRAL),Bengaluru,"Bhavishyanidhi Bhavan, No. 13,, Raja Ram Mohan Roy Road, (KN)., BENGALURU-I - 560 025",Bengaluru-I - 560 025,,,13.022235,77.567183,very_low,0.216,photon,city_only,"Bengaluru-I - 560 025, India",string_similarity=0.32; token_overlap=0.09; city_mismatch; postal_unavailable; within_india_bounds
"Regional Office, BENGALURU (MALLESWARAM)",BENGALURU (MALLESWARAM),Bengaluru,"Bhavishyanidhi Bhavan, No. 13,, Raja Ram Mohan Roy Road, (KN)., Bangalore - 560 025",Bangalore - 560 025,,,13.022235,77.567183,very_low,0.24,nominatim,city_only,"Bangalore - 560 025, India",string_similarity=0.33; token_overlap=0.18; city_mismatch; postal_unavailable; within_india_bounds
"Regional Office, RAJARAJESHWARI NAGAR",RAJARAJESHWARI NAGAR,Bengaluru,"No.570, Raja Rajeshwari Regency,Near Rajarajeshwari Temple,, 26th Cross, Ideal Home Co-op. Society Layout, Mysore Road,, Rajarajeshwari Nagar - 560098",Rajarajeshwari Nagar,,560098,12.927441,77.515522,low,0.466,nominatim,city_only,"Rajarajeshwari Nagar, India",string_similarity=0.20; token_overlap=0.18; city_match; postal_match; within_india_bounds
"Regional Office, YELAHANKA",YELAHANKA,Bengaluru,"No. 2, Maaruthi Complex, 1st A Main (60 Feet Road), HIG A Sector, Yelahanka New Town,, Bengaluru - 560 064",Bengaluru - 560 064,,,13.097601,77.584495,very_low,0.23,photon,full_address,"Regional Office, YELAHANKA, No. 2, Maaruthi Complex, 1st A Main (60 Feet Road), HIG A Sector, Yelahanka New Town,, Bengaluru - 560 064",string_similarity=0.34; token_overlap=0.12; city_mismatch; postal_unavailable; within_india_bounds
"Regional Office, PEENYA",PEENYA,Bengaluru,"No.62, Industrial Suburb,, 3rd Cross, Yeshwanthpur 2nd stage,, Bengaluru - 560022",Bengaluru,,560022,13.027717,77.545084,low,0.461,nominatim,postal_code,"560022, India",string_similarity=0.17; token_overlap=0.20; city_match; postal_match; within_india_bounds
"Regional Office, BENGALURU (BELLANDUR)",BENGALURU (BELLANDUR),Bengaluru,"4th Floor, Annapoorneshwari Complex,, Survey No. 37/1, 6th Main, Singasandra, Hosur Main Road,, BENGALURU - 560068",Bengaluru,,560068,12.898686,77.636579,low,0.431,nominatim,postal_code,"560068, India",string_similarity=0.13; token_overlap=0.14; city_match; postal_match; within_india_bounds
"Regional Office, BENGALURU (ELECTRONIC CITY)",BENGALURU (ELECTRONIC CITY),Bengaluru,"Annapoorneshwari Complex, Survey No. 37/1,, 6th Main, Singasandra, Hosur Main Road,, BOMMASANDRA - 560 068",Bommasandra - 560 068,,,12.816244,77.691611,very_low,0.17,nominatim,city_only,"Bommasandra - 560 068, India",string_similarity=0.20; token_overlap=0.08; city_mismatch; postal_unavailable; within_india_bounds
"Regional Office, BENGALURU (KORAMANGALA)",BENGALURU (KORAMANGALA),Bengaluru,"Annapoorneshwari Complex, Survey No. 37/1,, 6th Main, Singasandra, Hosur Main Road,, BOMMASANDRA - 560068",Bommasandra,,560068,12.816244,77.691611,very_low,0.319,photon,city_only,"Bommasandra, India",string_similarity=0.20; token_overlap=0.08; city_match; postal_missing; within_india_bounds
"Regional Office, BENGALURU (INDIRANAGAR)",BENGALURU (INDIRANAGAR),Bengaluru,"No. F-28, NSU Block, ITI Campus (Bengaluru Block),, Dooravani Nagar, Krishnarajapuram, (WHITEFIELD) - 560016",(Whitefield),,560016,13.01969,77.677377,very_low,0.379,nominatim,postal_code,"560016, India",string_similarity=0.32; token_overlap=0.27; city_mismatch; postal_match; within_india_bounds
"Regional Office, K R PURAM (WHITEFIELD)",K R PURAM (WHITEFIELD),Bengaluru,"No. F-28, NSU Block, ITI Campus (Bengaluru Block), Dooravani Nagar, K R PURAM (WHITEFIELD) - 560016",K R Puram (Whitefield),,560016,13.01969,77.677377,very_low,0.361,nominatim,postal_code,"560016, India",string_similarity=0.27; token_overlap=0.27; city_mismatch; postal_match; within_india_bounds
"District Office, D.O - KOLAR",D.O - KOLAR,Bengaluru,"EPFO,District Office, Ground Floor,BSNL Administrative Building,, Railway Station Road, Kanakanapalya, Kolar - 563102",Kolar,,563102,13.176028,78.094829,low,0.425,nominatim,postal_code,"563102, India",string_similarity=0.11; token_overlap=0.14; city_match; postal_match; within_india_bounds
"Regional Office, TUMKUR",TUMKUR,Bengaluru,"1st Main, 1st Cross, Chamundeshwari Nagar, Near Sira Gate, Tumkur - 572106",Tumkur,,572106,13.415687,77.147472,low,0.463,nominatim,postal_code,"572106, India",string_similarity=0.18; token_overlap=0.20; city_match; postal_match; within_india_bounds
VIGILANCE WING,VIGILANCE WING,Vigilance Wing,"Vigilance Headquarters Employees Provident Fund Organisation, Bhavishya Nidhi Bhawan, 14, Bhikaiji Cama Place, New Delhi - 110 066",New Delhi - 110 066,,,28.622307,77.239431,very_low,0.221,nominatim,city_only,"New Delhi - 110 066, India",string_similarity=0.32; token_overlap=0.12; city_mismatch; postal_unavailable; within_india_bounds
INTERNAL AUDIT WING,INTERNAL AUDIT WING,Internal Audit Wing,"Bhavishyanidhi Bhawan,, 14, Bhikaiji Cama Place,, New Delhi - 110 066",New Delhi - 110 066,,,28.568913,77.187119,very_low,0.336,photon,full_address,"Bhavishyanidhi Bhawan,, 14, Bhikaiji Cama Place,, New Delhi - 110 066",string_similarity=0.45; token_overlap=0.40; city_mismatch; postal_unavailable; within_india_bounds
National Data Center,NATIONAL DATA CENTRE,National Data Centre,"NDC, 1st Floor,EPFO Complex,, Plot No. 23,Sector-23, Dwarka,, New Delhi - 110077",New Delhi,,110077,28.573813,77.066314,low,0.554,maps_co,postal_code,"110077, India",string_similarity=0.40; token_overlap=0.25; city_match; postal_match; within_india_bounds
PDUNASS,PDUNASS,EPFO Apex Bodies,"30-31, Institutional Area, Janak Puri,, New Delhi - 110058",New Delhi,,110058,28.62137,77.2148,very_low,0.4,open_meteo,city_only,"New Delhi, India",string_similarity=0.33; token_overlap=0.22; city_match; postal_missing; within_india_bounds
