{
  "AKOLA": [
    20.7106759,
    77.0106905
  ],
  "ALLAHABAD": [
    25.4332518,
    81.8430564
  ],
  "ALWAR": [
    27.5740332,
    76.6086983
  ],
  "ANDHRA PRADESH (VIJAYAWADA)": [
    16.5196138,
    80.6293089
  ],
  "BAREILLY": [
    28.3601418,
    79.4222907
  ],
  "BENGALURU (BENGALURU)": [
    12.963021,
    77.6035715
  ],
  "BENGALURU (KORAMANGALA)": [
    12.8986856,
    77.6365787
  ],
  "BHAGALPUR": [
    25.2938842,
    86.9345733
  ],
  "BHARUCH": [
    21.7047928,
    72.9895128
  ],
  "BIHAR & JHARKHAND(PATNA)": [
    25.6090907,
    85.1512636
  ],
  "CHANDIGARH": [
    30.7366775,
    76.5876109
  ],
  "CHIKAMAGALUR": [
    13.337263,
    75.8138381
  ],
  "D.O - ADILABAD": [
    19.0996024,
    78.3436505
  ],
  "D.O - AHMADNAGAR": [
    19.1186603,
    74.7354807
  ],
  "D.O - AJMER": [
    26.4617102,
    74.6352367
  ],
  "D.O - ALIGARH": [
    27.8918254,
    78.0813421
  ],
  "D.O - ALLEYPPEY": [
    9.4942717,
    76.3437595
  ],
  "D.O - AMBALA": [
    30.371252,
    76.7825669
  ],
  "D.O - AMRAVATI": [
    20.9217118,
    77.7670285
  ],
  "D.O - ANANTAPUR": [
    14.6734442,
    77.6002702
  ],
  "D.O - BADDI": [
    30.944659,
    76.8071853
  ],
  "D.O - BAGALKOT": [
    16.1633047,
    75.6656174
  ],
  "D.O - BALASORE": [
    21.4968237,
    86.9296481
  ],
  "D.O - BARBIL": [
    22.0994323,
    85.3846215
  ],
  "D.O - BATALA": [
    31.8182019,
    75.2115788
  ],
  "D.O - BELGAVI": [
    15.8409366,
    74.5224567
  ],
  "D.O - BHARATPUR": [
    27.2160165,
    77.5001133
  ],
  "D.O - BHILWARA": [
    25.3623721,
    74.6397874
  ],
  "D.O - BHIMAVARAM": [
    16.5415917,
    81.5333603
  ],
  "D.O - BIDAR": [
    17.9145072,
    77.5158103
  ],
  "D.O - BIJAPUR": [
    16.825279,
    75.7282639
  ],
  "D.O - BIKANER": [
    28.0211198,
    73.3233732
  ],
  "D.O - BILASPUR": [
    22.0748219,
    82.1340883
  ],
  "D.O - BOKARO": [
    23.7280669,
    86.0527546
  ],
  "D.O - CHAIBASA": [
    22.525231,
    85.8349463
  ],
  "D.O - CHANDRAPUR": [
    47.0473933,
    29.3863606
  ],
  "D.O - CHHINDWARA": [
    22.0451017,
    78.969384
  ],
  "D.O - CUDDALORE": [
    11.7562555,
    79.7621767
  ],
  "D.O - CUTTACK": [
    20.458652,
    85.8764885
  ],
  "D.O - DARBHANGA": [
    26.1157212,
    85.9001198
  ],
  "D.O - DAVANGERE": [
    14.4583007,
    75.9210895
  ],
  "D.O - DEOGHAR": [
    24.4891934,
    86.6924113
  ],
  "D.O - DHANBAD": [
    23.7981609,
    86.4320728
  ],
  "D.O - DHAR": [
    22.6095219,
    75.6796638
  ],
  "D.O - DHARMANAGAR": [
    24.3840809,
    92.1652524
  ],
  "D.O - DINDIGUL": [
    10.3572339,
    77.981589
  ],
  "D.O - ELURU": [
    16.7136668,
    81.1012896
  ],
  "D.O - ERODE": [
    11.3482498,
    77.7297354
  ],
  "D.O - GANDHIDHAM": [
    23.0598686,
    70.082076
  ],
  "D.O - GANGTOK": [
    27.3348774,
    88.608949
  ],
  "D.O - GAYA": [
    24.7940312,
    84.9979756
  ],
  "D.O - GIRIDIH": [
    24.1846041,
    86.3031386
  ],
  "D.O - HASSAN": [
    13.0093256,
    76.1083168
  ],
  "D.O - HIMMATNAGAR": [
    23.5947506,
    72.9680605
  ],
  "D.O - HISAR": [
    29.1967459,
    75.6383416
  ],
  "D.O - HOSHIARPUR": [
    31.5287807,
    75.9049869
  ],
  "D.O - ITARASI": [
    22.5749522,
    77.7794285
  ],
  "D.O - JALGAON": [
    20.9374731,
    75.6079984
  ],
  "D.O - JAMNAGAR": [
    22.4543967,
    70.0392674
  ],
  "D.O - JHUNJHUNUN": [
    28.1298744,
    75.4001175
  ],
  "D.O - JORHAT": [
    26.7538675,
    94.206705
  ],
  "D.O - JUNAGADH": [
    21.5343575,
    70.4363685
  ],
  "D.O - KAKINADA": [
    16.9736007,
    82.2240282
  ],
  "D.O - KARAWAR": [
    47.0473933,
    29.3863606
  ],
  "D.O - KARUR": [
    10.9598608,
    78.0753232
  ],
  "D.O - KATIHAR": [
    25.5512023,
    87.5304436
  ],
  "D.O - KHAMMAM": [
    17.2538236,
    80.1189603
  ],
  "D.O - KODERMA": [
    24.4344296,
    85.5252899
  ],
  "D.O - KOLAR": [
    13.1760276,
    78.0948291
  ],
  "D.O - KRISHNAGIRI": [
    12.5222101,
    78.213903
  ],
  "D.O - KULLU": [
    31.8925491,
    77.1410665
  ],
  "D.O - KUMBAKONAM": [
    10.9667158,
    79.3803182
  ],
  "D.O - KURNOOL": [
    15.8385316,
    78.0293186
  ],
  "D.O - MADIKERI": [
    12.419015,
    75.7295409
  ],
  "D.O - MANDI GOBINDGARH": [
    30.6645086,
    76.2903431
  ],
  "D.O - MANDYA": [
    12.5245374,
    76.8841344
  ],
  "D.O - MEDINIPUR": [
    22.5668739,
    88.3221337
  ],
  "D.O - MOGA": [
    30.8175575,
    75.1764327
  ],
  "D.O - MORADABAD": [
    28.8490514,
    78.7633877
  ],
  "D.O - MUNGER": [
    25.4448,
    86.4143046
  ],
  "D.O - MUNNAR": [
    10.0950775,
    77.077554
  ],
  "D.O - MUZAFFARNAGAR": [
    29.4740196,
    77.6965998
  ],
  "D.O - NAHAN": [
    30.551738,
    77.3225516
  ],
  "D.O - NELLORE": [
    14.4607446,
    79.9883619
  ],
  "D.O - ONGOLE": [
    15.5040694,
    80.04304
  ],
  "D.O - OOTY": [
    11.4079656,
    76.7068967
  ],
  "D.O - PALAKKAD": [
    11.2362492,
    75.8057728
  ],
  "D.O - PALAMPUR": [
    32.1159012,
    76.5379846
  ],
  "D.O - PALI": [
    25.844077,
    73.3942742
  ],
  "D.O - PANIPAT": [
    29.3895184,
    76.9690892
  ],
  "D.O - PATIALA": [
    30.3644048,
    76.3780363
  ],
  "D.O - PHAGWARA": [
    31.221133,
    75.786044
  ],
  "D.O - POLLACHI": [
    10.6499836,
    77.0488457
  ],
  "D.O - RATLAM": [
    23.3227414,
    75.0305952
  ],
  "D.O - RAYAGADA": [
    19.1626966,
    83.4368718
  ],
  "D.O - ROHTAS": [
    24.9017893,
    84.1849776
  ],
  "D.O - SAHARANPUR": [
    29.9502164,
    77.5425811
  ],
  "D.O - SAHIBGANJ": [
    25.2491061,
    87.6229904
  ],
  "D.O - SAMBALPUR": [
    21.4748068,
    83.973078
  ],
  "D.O - SANGRUR": [
    30.247844,
    75.8372819
  ],
  "D.O - SATNA": [
    24.5830471,
    80.8505279
  ],
  "D.O - SILCHAR": [
    24.8092065,
    92.7965014
  ],
  "D.O - SIVAKASI": [
    9.4377541,
    77.8160063
  ],
  "D.O - SONIPAT": [
    28.9919196,
    77.0166508
  ],
  "D.O - SRIGANGANAGAR": [
    29.8978405,
    73.8993907
  ],
  "D.O - SRIKAKULAM": [
    18.3007319,
    83.8965114
  ],
  "D.O - SRIRAMPORE": [
    22.7531357,
    88.3433804
  ],
  "D.O - SURENDRANAGAR": [
    22.733201,
    71.7018783
  ],
  "D.O - TEZPUR": [
    26.6185106,
    92.7617183
  ],
  "D.O - THANJAVUR": [
    10.7689024,
    79.1310476
  ],
  "D.O - THRISSUR": [
    10.526363,
    76.2147348
  ],
  "D.O - TIRUPATI": [
    47.0473933,
    29.3863606
  ],
  "D.O - VIZIANAGARAM": [
    18.1102317,
    83.3919814
  ],
  "D.O - YAMUNANAGAR": [
    30.1658639,
    77.3135997
  ],
  "DARJEELING": [
    27.0420814,
    88.2648631
  ],
  "DEHRADUN": [
    30.3319799,
    78.0399131
  ],
  "DELHI [CENTRAL]": [
    28.6830922,
    77.1756241
  ],
  "DELHI [EAST]": [
    28.6783196,
    77.3127608
  ],
  "DELHI [NORTH]": [
    28.6830922,
    77.1756241
  ],
  "DELHI [SOUTH]": [
    28.5731545,
    77.0654305
  ],
  "DELHI [WEST]": [
    28.5731545,
    77.0654305
  ],
  "DURGAPUR": [
    23.5029868,
    87.374898
  ],
  "FARIDABAD": [
    28.3905198,
    77.3230936
  ],
  "GORAKHPUR": [
    26.7585344,
    83.3787947
  ],
  "GREATER NOIDA": [
    28.5719098,
    77.3677636
  ],
  "GURGAON (EAST)": [
    28.4326064,
    77.0750651
  ],
  "GURGAON (WEST)": [
    28.4291416,
    77.0912021
  ],
  "GWALIOR": [
    26.2288548,
    78.2086264
  ],
  "Guest House, ANDHRA PRADESH(Cuddapah)": [
    14.4794394,
    78.8216528
  ],
  "Guest House, ANDHRA PRADESH(Guntur)": [
    16.4462453,
    80.5801318
  ],
  "Guest House, ANDHRA PRADESH(Hyderabad)": [
    17.4268432,
    78.4851732
  ],
  "Guest House, KARNATAKA(Mangalore)": [
    12.8877191,
    74.8903986
  ],
  "Guest House, KERALA(Kochi)": [
    10.0734929,
    76.3192527
  ],
  "Guest House, KERALA(Thiruvananthapuram)": [
    8.5017528,
    76.948828
  ],
  "Guest House, PUNJAB(Amritsar)": [
    31.6264947,
    74.8771809
  ],
  "Guest House, PUNJAB(Chandigarh)": [
    30.7303115,
    76.7734213
  ],